Код станции прохода;Наименование станции прохода;Месяц прохода;День недели прохода;Тип дня прохода;Время;За 1 среду вошедшие;За 1 среду вышедшие;Час прохода;Минута прохода;Кол-во вошедших;Кол-во вышедших
2000006;МОСКВА БЕЛОРУССКАЯ;апрель;среда;раб;0:00;1,75;0,5;0;0;7;2
2000006;МОСКВА БЕЛОРУССКАЯ;апрель;среда;раб;0:01;2,25;0,5;0;1;9;2
2000006;МОСКВА БЕЛОРУССКАЯ;апрель;среда;раб;0:02;1,25;0;0;2;5;0
2000006;МОСКВА БЕЛОРУССКАЯ;апрель;среда;раб;0:03;1,75;0;0;3;7;0
2000006;МОСКВА БЕЛОРУССКАЯ;апрель;среда;раб;0:04;3;0,25;0;4;12;1
2000006;МОСКВА БЕЛОРУССКАЯ;апрель;среда;раб;0:05;2,5;0,25;0;5;10;1
2000006;МОСКВА БЕЛОРУССКАЯ;апрель;среда;раб;0:06;2,5;0;0;6;10;0
2000006;МОСКВА БЕЛОРУССКАЯ;апрель;среда;раб;0:07;1,5;0;0;7;6;0
2000006;МОСКВА БЕЛОРУССКАЯ;апрель;среда;раб;0:08;2;1;0;8;8;4
2000006;МОСКВА БЕЛОРУССКАЯ;апрель;среда;раб;0:09;5;0;0;9;20;0
2000006;МОСКВА БЕЛОРУССКАЯ;апрель;среда;раб;0:10;5,25;0,25;0;10;21;1
2000006;МОСКВА БЕЛОРУССКАЯ;апрель;среда;раб;0:11;4,25;0,25;0;11;17;1
2000006;МОСКВА БЕЛОРУССКАЯ;апрель;среда;раб;0:12;8;0,25;0;12;32;1
2000006;МОСКВА БЕЛОРУССКАЯ;апрель;среда;раб;0:13;7,25;0;0;13;29;0
2000006;МОСКВА БЕЛОРУССКАЯ;апрель;среда;раб;0:14;5;0;0;14;20;0
2000006;МОСКВА БЕЛОРУССКАЯ;апрель;среда;раб;0:15;3,25;0;0;15;13;0
2000006;МОСКВА БЕЛОРУССКАЯ;апрель;среда;раб;0:16;7;0,25;0;16;28;1
2000006;МОСКВА БЕЛОРУССКАЯ;апрель;среда;раб;0:17;4,75;0;0;17;19;0
2000006;МОСКВА БЕЛОРУССКАЯ;апрель;среда;раб;0:18;6,75;0;0;18;27;0
2000006;МОСКВА БЕЛОРУССКАЯ;апрель;среда;раб;0:19;3,25;1,25;0;19;13;5
2000006;МОСКВА БЕЛОРУССКАЯ;апрель;среда;раб;0:20;3,5;1,25;0;20;14;5
2000006;МОСКВА БЕЛОРУССКАЯ;апрель;среда;раб;0:21;2;0,5;0;21;8;2
2000006;МОСКВА БЕЛОРУССКАЯ;апрель;среда;раб;0:22;1;0;0;22;4;0
2000006;МОСКВА БЕЛОРУССКАЯ;апрель;среда;раб;0:23;0,5;0,5;0;23;2;2
2000006;МОСКВА БЕЛОРУССКАЯ;апрель;среда;раб;0:25;0,25;0,5;0;25;1;2
2000006;МОСКВА БЕЛОРУССКАЯ;апрель;среда;раб;0:26;0;0,25;0;26;0;1
2000006;МОСКВА БЕЛОРУССКАЯ;апрель;среда;раб;0:27;0,25;0,25;0;27;1;1
2000006;МОСКВА БЕЛОРУССКАЯ;апрель;среда;раб;0:34;0,25;0,25;0;34;1;1
2000006;МОСКВА БЕЛОРУССКАЯ;апрель;среда;раб;0:36;0;0,25;0;36;0;1
2000006;МОСКВА БЕЛОРУССКАЯ;апрель;среда;раб;0:37;0,25;0;0;37;1;0
2000006;МОСКВА БЕЛОРУССКАЯ;апрель;среда;раб;0:40;0;0,25;0;40;0;1
2000006;МОСКВА БЕЛОРУССКАЯ;апрель;среда;раб;0:41;0,25;0,25;0;41;1;1
2000006;МОСКВА БЕЛОРУССКАЯ;апрель;среда;раб;0:43;0;1,75;0;43;0;7
2000006;МОСКВА БЕЛОРУССКАЯ;апрель;среда;раб;0:44;0;2;0;44;0;8
2000006;МОСКВА БЕЛОРУССКАЯ;апрель;среда;раб;0:45;0;0,5;0;45;0;2
2000006;МОСКВА БЕЛОРУССКАЯ;апрель;среда;раб;0:46;0;1,75;0;46;0;7
2000006;МОСКВА БЕЛОРУССКАЯ;апрель;среда;раб;0:47;0,25;1;0;47;1;4
2000006;МОСКВА БЕЛОРУССКАЯ;апрель;среда;раб;0:48;0;0,25;0;48;0;1
2000006;МОСКВА БЕЛОРУССКАЯ;апрель;среда;раб;0:50;0,25;0,25;0;50;1;1
2000006;МОСКВА БЕЛОРУССКАЯ;апрель;среда;раб;0:51;0,25;0,25;0;51;1;1
2000006;МОСКВА БЕЛОРУССКАЯ;апрель;среда;раб;0:53;0,5;0,25;0;53;2;1
2000006;МОСКВА БЕЛОРУССКАЯ;апрель;среда;раб;0:54;0,25;0,25;0;54;1;1
2000006;МОСКВА БЕЛОРУССКАЯ;апрель;среда;раб;0:55;0;0,75;0;55;0;3
2000006;МОСКВА БЕЛОРУССКАЯ;апрель;среда;раб;0:57;0;0,5;0;57;0;2
2000006;МОСКВА БЕЛОРУССКАЯ;апрель;среда;раб;0:58;0;0,5;0;58;0;2
2000006;МОСКВА БЕЛОРУССКАЯ;апрель;среда;раб;0:59;0,75;0;0;59;3;0
2000006;МОСКВА БЕЛОРУССКАЯ;апрель;среда;раб;1:00;0,25;0;1;0;1;0
2000006;МОСКВА БЕЛОРУССКАЯ;апрель;среда;раб;1:01;0,25;0,25;1;1;1;1
2000006;МОСКВА БЕЛОРУССКАЯ;апрель;среда;раб;1:02;0;0,25;1;2;0;1
2000006;МОСКВА БЕЛОРУССКАЯ;апрель;среда;раб;1:03;0,25;0,25;1;3;1;1
2000006;МОСКВА БЕЛОРУССКАЯ;апрель;среда;раб;1:07;0,25;0;1;7;1;0
2000006;МОСКВА БЕЛОРУССКАЯ;апрель;среда;раб;1:09;0;0,25;1;9;0;1
2000006;МОСКВА БЕЛОРУССКАЯ;апрель;среда;раб;1:12;0;0,25;1;12;0;1
2000006;МОСКВА БЕЛОРУССКАЯ;апрель;среда;раб;1:13;0,5;0;1;13;2;0
2000006;МОСКВА БЕЛОРУССКАЯ;апрель;среда;раб;1:15;0;0,25;1;15;0;1
2000006;МОСКВА БЕЛОРУССКАЯ;апрель;среда;раб;3:33;0,25;0;3;33;1;0
2000006;МОСКВА БЕЛОРУССКАЯ;апрель;среда;раб;3:38;0;0,25;3;38;0;1
2000006;МОСКВА БЕЛОРУССКАЯ;апрель;среда;раб;3:59;0;0,25;3;59;0;1
2000006;МОСКВА БЕЛОРУССКАЯ;апрель;среда;раб;4:00;0,25;0;4;0;1;0
2000006;МОСКВА БЕЛОРУССКАЯ;апрель;среда;раб;4:01;0,5;0;4;1;2;0
2000006;МОСКВА БЕЛОРУССКАЯ;апрель;среда;раб;4:03;0,25;0,25;4;3;1;1
2000006;МОСКВА БЕЛОРУССКАЯ;апрель;среда;раб;4:04;0;0,25;4;4;0;1
2000006;МОСКВА БЕЛОРУССКАЯ;апрель;среда;раб;4:05;0,25;0,25;4;5;1;1
2000006;МОСКВА БЕЛОРУССКАЯ;апрель;среда;раб;4:06;0;0,25;4;6;0;1
2000006;МОСКВА БЕЛОРУССКАЯ;апрель;среда;раб;4:07;0,5;0,25;4;7;2;1
2000006;МОСКВА БЕЛОРУССКАЯ;апрель;среда;раб;4:08;0,5;0;4;8;2;0
2000006;МОСКВА БЕЛОРУССКАЯ;апрель;среда;раб;4:09;0,5;0;4;9;2;0
2000006;МОСКВА БЕЛОРУССКАЯ;апрель;среда;раб;4:11;0,25;0;4;11;1;0
2000006;МОСКВА БЕЛОРУССКАЯ;апрель;среда;раб;4:17;0,25;0;4;17;1;0
2000006;МОСКВА БЕЛОРУССКАЯ;апрель;среда;раб;4:18;0,25;0;4;18;1;0
2000006;МОСКВА БЕЛОРУССКАЯ;апрель;среда;раб;4:21;0,25;0;4;21;1;0
2000006;МОСКВА БЕЛОРУССКАЯ;апрель;среда;раб;4:27;0,25;0;4;27;1;0
2000006;МОСКВА БЕЛОРУССКАЯ;апрель;среда;раб;4:29;0,25;0;4;29;1;0
2000006;МОСКВА БЕЛОРУССКАЯ;апрель;среда;раб;4:31;0,25;0,25;4;31;1;1
2000006;МОСКВА БЕЛОРУССКАЯ;апрель;среда;раб;4:32;0;0,25;4;32;0;1
2000006;МОСКВА БЕЛОРУССКАЯ;апрель;среда;раб;4:35;0,75;0;4;35;3;0
2000006;МОСКВА БЕЛОРУССКАЯ;апрель;среда;раб;4:36;0,25;0;4;36;1;0
2000006;МОСКВА БЕЛОРУССКАЯ;апрель;среда;раб;4:39;0,25;0;4;39;1;0
2000006;МОСКВА БЕЛОРУССКАЯ;апрель;среда;раб;4:41;0,25;0;4;41;1;0
2000006;МОСКВА БЕЛОРУССКАЯ;апрель;среда;раб;4:43;0,5;0;4;43;2;0
2000006;МОСКВА БЕЛОРУССКАЯ;апрель;среда;раб;4:44;0,25;0;4;44;1;0
2000006;МОСКВА БЕЛОРУССКАЯ;апрель;среда;раб;4:45;3;0;4;45;12;0
2000006;МОСКВА БЕЛОРУССКАЯ;апрель;среда;раб;4:46;0;0,25;4;46;0;1
2000006;МОСКВА БЕЛОРУССКАЯ;апрель;среда;раб;4:47;1;0;4;47;4;0
2000006;МОСКВА БЕЛОРУССКАЯ;апрель;среда;раб;4:48;1,25;0;4;48;5;0
2000006;МОСКВА БЕЛОРУССКАЯ;апрель;среда;раб;4:54;0,75;0,25;4;54;3;1
2000006;МОСКВА БЕЛОРУССКАЯ;апрель;среда;раб;4:55;0;0,5;4;55;0;2
2000006;МОСКВА БЕЛОРУССКАЯ;апрель;среда;раб;4:56;0,25;0,25;4;56;1;1
2000006;МОСКВА БЕЛОРУССКАЯ;апрель;среда;раб;4:57;0,5;0,25;4;57;2;1
2000006;МОСКВА БЕЛОРУССКАЯ;апрель;среда;раб;4:58;0,25;0;4;58;1;0
2000006;МОСКВА БЕЛОРУССКАЯ;апрель;среда;раб;4:59;0,25;0;4;59;1;0
2000006;МОСКВА БЕЛОРУССКАЯ;апрель;среда;раб;5:04;0,75;1;5;4;3;4
2000006;МОСКВА БЕЛОРУССКАЯ;апрель;среда;раб;5:05;0,75;3,25;5;5;3;13
2000006;МОСКВА БЕЛОРУССКАЯ;апрель;среда;раб;5:06;0;1,25;5;6;0;5
2000006;МОСКВА БЕЛОРУССКАЯ;апрель;среда;раб;5:07;0,25;1,5;5;7;1;6
2000006;МОСКВА БЕЛОРУССКАЯ;апрель;среда;раб;5:08;1;2,5;5;8;4;10
2000006;МОСКВА БЕЛОРУССКАЯ;апрель;среда;раб;5:09;0,25;0;5;9;1;0
2000006;МОСКВА БЕЛОРУССКАЯ;апрель;среда;раб;5:10;0,5;0,5;5;10;2;2
2000006;МОСКВА БЕЛОРУССКАЯ;апрель;среда;раб;5:11;0,25;0,75;5;11;1;3
2000006;МОСКВА БЕЛОРУССКАЯ;апрель;среда;раб;5:12;0;0,75;5;12;0;3
2000006;МОСКВА БЕЛОРУССКАЯ;апрель;среда;раб;5:14;0,25;1,25;5;14;1;5
2000006;МОСКВА БЕЛОРУССКАЯ;апрель;среда;раб;5:15;0;0,25;5;15;0;1
2000006;МОСКВА БЕЛОРУССКАЯ;апрель;среда;раб;5:16;0;1;5;16;0;4
2000006;МОСКВА БЕЛОРУССКАЯ;апрель;среда;раб;5:17;1,5;1,5;5;17;6;6
2000006;МОСКВА БЕЛОРУССКАЯ;апрель;среда;раб;5:18;1,25;0;5;18;5;0
2000006;МОСКВА БЕЛОРУССКАЯ;апрель;среда;раб;5:19;0,25;0,75;5;19;1;3
2000006;МОСКВА БЕЛОРУССКАЯ;апрель;среда;раб;5:20;0;0,25;5;20;0;1
2000006;МОСКВА БЕЛОРУССКАЯ;апрель;среда;раб;5:21;0,25;0,5;5;21;1;2
2000006;МОСКВА БЕЛОРУССКАЯ;апрель;среда;раб;5:22;0,5;0,25;5;22;2;1
2000006;МОСКВА БЕЛОРУССКАЯ;апрель;среда;раб;5:23;0,75;0;5;23;3;0
2000006;МОСКВА БЕЛОРУССКАЯ;апрель;среда;раб;5:24;0,75;0;5;24;3;0
2000006;МОСКВА БЕЛОРУССКАЯ;апрель;среда;раб;5:25;0,5;0,5;5;25;2;2
2000006;МОСКВА БЕЛОРУССКАЯ;апрель;среда;раб;5:26;0,75;2,25;5;26;3;9
2000006;МОСКВА БЕЛОРУССКАЯ;апрель;среда;раб;5:27;1;0,25;5;27;4;1
2000006;МОСКВА БЕЛОРУССКАЯ;апрель;среда;раб;5:28;1;0,5;5;28;4;2
2000006;МОСКВА БЕЛОРУССКАЯ;апрель;среда;раб;5:29;0,5;0,5;5;29;2;2
2000006;МОСКВА БЕЛОРУССКАЯ;апрель;среда;раб;5:30;0,5;0,25;5;30;2;1
2000006;МОСКВА БЕЛОРУССКАЯ;апрель;среда;раб;5:31;1;0;5;31;4;0
2000006;МОСКВА БЕЛОРУССКАЯ;апрель;среда;раб;5:32;0,75;0,25;5;32;3;1
2000006;МОСКВА БЕЛОРУССКАЯ;апрель;среда;раб;5:33;0,75;0;5;33;3;0
2000006;МОСКВА БЕЛОРУССКАЯ;апрель;среда;раб;5:34;0,5;0,25;5;34;2;1
2000006;МОСКВА БЕЛОРУССКАЯ;апрель;среда;раб;5:35;0,5;0,25;5;35;2;1
2000006;МОСКВА БЕЛОРУССКАЯ;апрель;среда;раб;5:36;0,5;0;5;36;2;0
2000006;МОСКВА БЕЛОРУССКАЯ;апрель;среда;раб;5:37;1;0;5;37;4;0
2000006;МОСКВА БЕЛОРУССКАЯ;апрель;среда;раб;5:38;2;0,25;5;38;8;1
2000006;МОСКВА БЕЛОРУССКАЯ;апрель;среда;раб;5:39;1,5;0,25;5;39;6;1
2000006;МОСКВА БЕЛОРУССКАЯ;апрель;среда;раб;5:40;2,5;0;5;40;10;0
2000006;МОСКВА БЕЛОРУССКАЯ;апрель;среда;раб;5:41;1,75;0,25;5;41;7;1
2000006;МОСКВА БЕЛОРУССКАЯ;апрель;среда;раб;5:42;0,75;0,75;5;42;3;3
2000006;МОСКВА БЕЛОРУССКАЯ;апрель;среда;раб;5:43;1,75;0,5;5;43;7;2
2000006;МОСКВА БЕЛОРУССКАЯ;апрель;среда;раб;5:44;0,5;2;5;44;2;8
2000006;МОСКВА БЕЛОРУССКАЯ;апрель;среда;раб;5:45;1,5;24,25;5;45;6;97
2000006;МОСКВА БЕЛОРУССКАЯ;апрель;среда;раб;5:46;0,5;16,5;5;46;2;66
2000006;МОСКВА БЕЛОРУССКАЯ;апрель;среда;раб;5:47;0,75;6,25;5;47;3;25
2000006;МОСКВА БЕЛОРУССКАЯ;апрель;среда;раб;5:48;0,5;12,75;5;48;2;51
2000006;МОСКВА БЕЛОРУССКАЯ;апрель;среда;раб;5:49;0,25;3,75;5;49;1;15
2000006;МОСКВА БЕЛОРУССКАЯ;апрель;среда;раб;5:50;0,25;2,25;5;50;1;9
2000006;МОСКВА БЕЛОРУССКАЯ;апрель;среда;раб;5:51;1,5;0,75;5;51;6;3
2000006;МОСКВА БЕЛОРУССКАЯ;апрель;среда;раб;5:52;2;0,5;5;52;8;2
2000006;МОСКВА БЕЛОРУССКАЯ;апрель;среда;раб;5:53;1;0,25;5;53;4;1
2000006;МОСКВА БЕЛОРУССКАЯ;апрель;среда;раб;5:54;0,75;0,25;5;54;3;1
2000006;МОСКВА БЕЛОРУССКАЯ;апрель;среда;раб;5:55;0,5;4,25;5;55;2;17
2000006;МОСКВА БЕЛОРУССКАЯ;апрель;среда;раб;5:56;1;1,25;5;56;4;5
2000006;МОСКВА БЕЛОРУССКАЯ;апрель;среда;раб;5:57;1,25;2,25;5;57;5;9
2000006;МОСКВА БЕЛОРУССКАЯ;апрель;среда;раб;5:58;1,5;0,5;5;58;6;2
2000006;МОСКВА БЕЛОРУССКАЯ;апрель;среда;раб;5:59;0,75;0;5;59;3;0
2000006;МОСКВА БЕЛОРУССКАЯ;апрель;среда;раб;6:00;1;0,75;6;0;4;3
2000006;МОСКВА БЕЛОРУССКАЯ;апрель;среда;раб;6:01;2,75;0;6;1;11;0
2000006;МОСКВА БЕЛОРУССКАЯ;апрель;среда;раб;6:02;5;0,25;6;2;20;1
2000006;МОСКВА БЕЛОРУССКАЯ;апрель;среда;раб;6:03;5;0,25;6;3;20;1
2000006;МОСКВА БЕЛОРУССКАЯ;апрель;среда;раб;6:04;4,5;0,25;6;4;18;1
2000006;МОСКВА БЕЛОРУССКАЯ;апрель;среда;раб;6:05;4,25;0;6;5;17;0
2000006;МОСКВА БЕЛОРУССКАЯ;апрель;среда;раб;6:06;2,75;0,5;6;6;11;2
2000006;МОСКВА БЕЛОРУССКАЯ;апрель;среда;раб;6:07;3;10,5;6;7;12;42
2000006;МОСКВА БЕЛОРУССКАЯ;апрель;среда;раб;6:08;4,5;12,25;6;8;18;49
2000006;МОСКВА БЕЛОРУССКАЯ;апрель;среда;раб;6:09;5,75;27,75;6;9;23;111
2000006;МОСКВА БЕЛОРУССКАЯ;апрель;среда;раб;6:10;6;17,75;6;10;24;71
2000006;МОСКВА БЕЛОРУССКАЯ;апрель;среда;раб;6:11;4;5,5;6;11;16;22
2000006;МОСКВА БЕЛОРУССКАЯ;апрель;среда;раб;6:12;3;4,25;6;12;12;17
2000006;МОСКВА БЕЛОРУССКАЯ;апрель;среда;раб;6:13;6;7;6;13;24;28
2000006;МОСКВА БЕЛОРУССКАЯ;апрель;среда;раб;6:14;4,25;12,5;6;14;17;50
2000006;МОСКВА БЕЛОРУССКАЯ;апрель;среда;раб;6:15;5,25;8,5;6;15;21;34
2000006;МОСКВА БЕЛОРУССКАЯ;апрель;среда;раб;6:16;4,75;19,25;6;16;19;77
2000006;МОСКВА БЕЛОРУССКАЯ;апрель;среда;раб;6:17;4;9,25;6;17;16;37
2000006;МОСКВА БЕЛОРУССКАЯ;апрель;среда;раб;6:18;5,75;2,25;6;18;23;9
2000006;МОСКВА БЕЛОРУССКАЯ;апрель;среда;раб;6:19;4,75;1,25;6;19;19;5
2000006;МОСКВА БЕЛОРУССКАЯ;апрель;среда;раб;6:20;2;1,25;6;20;8;5
2000006;МОСКВА БЕЛОРУССКАЯ;апрель;среда;раб;6:21;2;1;6;21;8;4
2000006;МОСКВА БЕЛОРУССКАЯ;апрель;среда;раб;6:22;1,75;1,5;6;22;7;6
2000006;МОСКВА БЕЛОРУССКАЯ;апрель;среда;раб;6:23;2;0,75;6;23;8;3
2000006;МОСКВА БЕЛОРУССКАЯ;апрель;среда;раб;6:24;2,25;3,75;6;24;9;15
2000006;МОСКВА БЕЛОРУССКАЯ;апрель;среда;раб;6:25;0,25;16,75;6;25;1;67
2000006;МОСКВА БЕЛОРУССКАЯ;апрель;среда;раб;6:26;1,5;19,5;6;26;6;78
2000006;МОСКВА БЕЛОРУССКАЯ;апрель;среда;раб;6:27;1,5;46;6;27;6;184
2000006;МОСКВА БЕЛОРУССКАЯ;апрель;среда;раб;6:28;2,75;26;6;28;11;104
2000006;МОСКВА БЕЛОРУССКАЯ;апрель;среда;раб;6:29;3;24,5;6;29;12;98
2000006;МОСКВА БЕЛОРУССКАЯ;апрель;среда;раб;6:30;2,75;11;6;30;11;44
2000006;МОСКВА БЕЛОРУССКАЯ;апрель;среда;раб;6:31;0,75;4,75;6;31;3;19
2000006;МОСКВА БЕЛОРУССКАЯ;апрель;среда;раб;6:32;2;1;6;32;8;4
2000006;МОСКВА БЕЛОРУССКАЯ;апрель;среда;раб;6:33;4,75;1;6;33;19;4
2000006;МОСКВА БЕЛОРУССКАЯ;апрель;среда;раб;6:34;3;1;6;34;12;4
2000006;МОСКВА БЕЛОРУССКАЯ;апрель;среда;раб;6:35;3,75;0;6;35;15;0
2000006;МОСКВА БЕЛОРУССКАЯ;апрель;среда;раб;6:36;2,25;0,25;6;36;9;1
2000006;МОСКВА БЕЛОРУССКАЯ;апрель;среда;раб;6:37;7;0;6;37;28;0
2000006;МОСКВА БЕЛОРУССКАЯ;апрель;среда;раб;6:38;3,75;0;6;38;15;0
2000006;МОСКВА БЕЛОРУССКАЯ;апрель;среда;раб;6:39;4,5;36,25;6;39;18;145
2000006;МОСКВА БЕЛОРУССКАЯ;апрель;среда;раб;6:40;5,5;72;6;40;22;288
2000006;МОСКВА БЕЛОРУССКАЯ;апрель;среда;раб;6:41;9,5;19;6;41;38;76
2000006;МОСКВА БЕЛОРУССКАЯ;апрель;среда;раб;6:42;6;23;6;42;24;92
2000006;МОСКВА БЕЛОРУССКАЯ;апрель;среда;раб;6:43;6,5;4,5;6;43;26;18
2000006;МОСКВА БЕЛОРУССКАЯ;апрель;среда;раб;6:44;8,25;5;6;44;33;20
2000006;МОСКВА БЕЛОРУССКАЯ;апрель;среда;раб;6:45;8,25;26,5;6;45;33;106
2000006;МОСКВА БЕЛОРУССКАЯ;апрель;среда;раб;6:46;10,25;34,5;6;46;41;138
2000006;МОСКВА БЕЛОРУССКАЯ;апрель;среда;раб;6:47;11,5;26,25;6;47;46;105
2000006;МОСКВА БЕЛОРУССКАЯ;апрель;среда;раб;6:48;8,5;16,75;6;48;34;67
2000006;МОСКВА БЕЛОРУССКАЯ;апрель;среда;раб;6:49;5,5;27;6;49;22;108
2000006;МОСКВА БЕЛОРУССКАЯ;апрель;среда;раб;6:50;6;13,5;6;50;24;54
2000006;МОСКВА БЕЛОРУССКАЯ;апрель;среда;раб;6:51;3,75;22,25;6;51;15;89
2000006;МОСКВА БЕЛОРУССКАЯ;апрель;среда;раб;6:52;6,75;11;6;52;27;44
2000006;МОСКВА БЕЛОРУССКАЯ;апрель;среда;раб;6:53;8;2,25;6;53;32;9
2000006;МОСКВА БЕЛОРУССКАЯ;апрель;среда;раб;6:54;4,25;4,5;6;54;17;18
2000006;МОСКВА БЕЛОРУССКАЯ;апрель;среда;раб;6:55;5;0,75;6;55;20;3
2000006;МОСКВА БЕЛОРУССКАЯ;апрель;среда;раб;6:56;7,25;0,5;6;56;29;2
2000006;МОСКВА БЕЛОРУССКАЯ;апрель;среда;раб;6:57;6,25;1;6;57;25;4
2000006;МОСКВА БЕЛОРУССКАЯ;апрель;среда;раб;6:58;6;0,75;6;58;24;3
2000006;МОСКВА БЕЛОРУССКАЯ;апрель;среда;раб;6:59;5;0,5;6;59;20;2
2000006;МОСКВА БЕЛОРУССКАЯ;апрель;среда;раб;7:00;4,75;0,25;7;0;19;1
2000006;МОСКВА БЕЛОРУССКАЯ;апрель;среда;раб;7:01;4,25;0,75;7;1;17;3
2000006;МОСКВА БЕЛОРУССКАЯ;апрель;среда;раб;7:02;8,25;6,5;7;2;33;26
2000006;МОСКВА БЕЛОРУССКАЯ;апрель;среда;раб;7:03;9,5;12;7;3;38;48
2000006;МОСКВА БЕЛОРУССКАЯ;апрель;среда;раб;7:04;7;12,5;7;4;28;50
2000006;МОСКВА БЕЛОРУССКАЯ;апрель;среда;раб;7:05;6;5,25;7;5;24;21
2000006;МОСКВА БЕЛОРУССКАЯ;апрель;среда;раб;7:06;9,5;3,25;7;6;38;13
2000006;МОСКВА БЕЛОРУССКАЯ;апрель;среда;раб;7:07;14;2;7;7;56;8
2000006;МОСКВА БЕЛОРУССКАЯ;апрель;среда;раб;7:08;8,25;1;7;8;33;4
2000006;МОСКВА БЕЛОРУССКАЯ;апрель;среда;раб;7:09;11,75;0,5;7;9;47;2
2000006;МОСКВА БЕЛОРУССКАЯ;апрель;среда;раб;7:10;15;0,25;7;10;60;1
2000006;МОСКВА БЕЛОРУССКАЯ;апрель;среда;раб;7:11;16,25;1,5;7;11;65;6
2000006;МОСКВА БЕЛОРУССКАЯ;апрель;среда;раб;7:12;11,75;18;7;12;47;72
2000006;МОСКВА БЕЛОРУССКАЯ;апрель;среда;раб;7:13;9,5;50,5;7;13;38;202
2000006;МОСКВА БЕЛОРУССКАЯ;апрель;среда;раб;7:14;9,5;66,5;7;14;38;266
2000006;МОСКВА БЕЛОРУССКАЯ;апрель;среда;раб;7:15;8;65,25;7;15;32;261
2000006;МОСКВА БЕЛОРУССКАЯ;апрель;среда;раб;7:16;10,5;42,5;7;16;42;170
2000006;МОСКВА БЕЛОРУССКАЯ;апрель;среда;раб;7:17;11,75;34;7;17;47;136
2000006;МОСКВА БЕЛОРУССКАЯ;апрель;среда;раб;7:18;10,75;43;7;18;43;172
2000006;МОСКВА БЕЛОРУССКАЯ;апрель;среда;раб;7:19;10;82,25;7;19;40;329
2000006;МОСКВА БЕЛОРУССКАЯ;апрель;среда;раб;7:20;8,25;115,5;7;20;33;462
2000006;МОСКВА БЕЛОРУССКАЯ;апрель;среда;раб;7:21;5,25;140;7;21;21;560
2000006;МОСКВА БЕЛОРУССКАЯ;апрель;среда;раб;7:22;5,75;86,75;7;22;23;347
2000006;МОСКВА БЕЛОРУССКАЯ;апрель;среда;раб;7:23;7,5;32,25;7;23;30;129
2000006;МОСКВА БЕЛОРУССКАЯ;апрель;среда;раб;7:24;6,25;34,75;7;24;25;139
2000006;МОСКВА БЕЛОРУССКАЯ;апрель;среда;раб;7:25;9;50;7;25;36;200
2000006;МОСКВА БЕЛОРУССКАЯ;апрель;среда;раб;7:26;10,25;34,75;7;26;41;139
2000006;МОСКВА БЕЛОРУССКАЯ;апрель;среда;раб;7:27;8;15,75;7;27;32;63
2000006;МОСКВА БЕЛОРУССКАЯ;апрель;среда;раб;7:28;11,25;6,25;7;28;45;25
2000006;МОСКВА БЕЛОРУССКАЯ;апрель;среда;раб;7:29;8,75;23,5;7;29;35;94
2000006;МОСКВА БЕЛОРУССКАЯ;апрель;среда;раб;7:30;7,75;45,5;7;30;31;182
2000006;МОСКВА БЕЛОРУССКАЯ;апрель;среда;раб;7:31;8,75;18,5;7;31;35;74
2000006;МОСКВА БЕЛОРУССКАЯ;апрель;среда;раб;7:32;9,75;9;7;32;39;36
2000006;МОСКВА БЕЛОРУССКАЯ;апрель;среда;раб;7:33;8,75;9,5;7;33;35;38
2000006;МОСКВА БЕЛОРУССКАЯ;апрель;среда;раб;7:34;7,25;19;7;34;29;76
2000006;МОСКВА БЕЛОРУССКАЯ;апрель;среда;раб;7:35;8,5;29,75;7;35;34;119
2000006;МОСКВА БЕЛОРУССКАЯ;апрель;среда;раб;7:36;9;58,25;7;36;36;233
2000006;МОСКВА БЕЛОРУССКАЯ;апрель;среда;раб;7:37;14,75;80,5;7;37;59;322
2000006;МОСКВА БЕЛОРУССКАЯ;апрель;среда;раб;7:38;13,75;87;7;38;55;348
2000006;МОСКВА БЕЛОРУССКАЯ;апрель;среда;раб;7:39;11,75;62;7;39;47;248
2000006;МОСКВА БЕЛОРУССКАЯ;апрель;среда;раб;7:40;13;13,25;7;40;52;53
2000006;МОСКВА БЕЛОРУССКАЯ;апрель;среда;раб;7:41;12,5;11;7;41;50;44
2000006;МОСКВА БЕЛОРУССКАЯ;апрель;среда;раб;7:42;8;48;7;42;32;192
2000006;МОСКВА БЕЛОРУССКАЯ;апрель;среда;раб;7:43;11,75;75,25;7;43;47;301
2000006;МОСКВА БЕЛОРУССКАЯ;апрель;среда;раб;7:44;13,75;106,25;7;44;55;425
2000006;МОСКВА БЕЛОРУССКАЯ;апрель;среда;раб;7:45;15;91,75;7;45;60;367
2000006;МОСКВА БЕЛОРУССКАЯ;апрель;среда;раб;7:46;20,5;62,25;7;46;82;249
2000006;МОСКВА БЕЛОРУССКАЯ;апрель;среда;раб;7:47;17;16,75;7;47;68;67
2000006;МОСКВА БЕЛОРУССКАЯ;апрель;среда;раб;7:48;15,75;48;7;48;63;192
2000006;МОСКВА БЕЛОРУССКАЯ;апрель;среда;раб;7:49;17,25;106,5;7;49;69;426
2000006;МОСКВА БЕЛОРУССКАЯ;апрель;среда;раб;7:50;18,75;118,25;7;50;75;473
2000006;МОСКВА БЕЛОРУССКАЯ;апрель;среда;раб;7:51;22,5;111,5;7;51;90;446
2000006;МОСКВА БЕЛОРУССКАЯ;апрель;среда;раб;7:52;23,5;97,25;7;52;94;389
2000006;МОСКВА БЕЛОРУССКАЯ;апрель;среда;раб;7:53;20,5;76,75;7;53;82;307
2000006;МОСКВА БЕЛОРУССКАЯ;апрель;среда;раб;7:54;23,25;91,25;7;54;93;365
2000006;МОСКВА БЕЛОРУССКАЯ;апрель;среда;раб;7:55;17,75;118,75;7;55;71;475
2000006;МОСКВА БЕЛОРУССКАЯ;апрель;среда;раб;7:56;14,5;119,25;7;56;58;477
2000006;МОСКВА БЕЛОРУССКАЯ;апрель;среда;раб;7:57;20,25;80,25;7;57;81;321
2000006;МОСКВА БЕЛОРУССКАЯ;апрель;среда;раб;7:58;17,25;34;7;58;69;136
2000006;МОСКВА БЕЛОРУССКАЯ;апрель;среда;раб;7:59;14;45,5;7;59;56;182
2000006;МОСКВА БЕЛОРУССКАЯ;апрель;среда;раб;8:00;15,75;90,75;8;0;63;363
2000006;МОСКВА БЕЛОРУССКАЯ;апрель;среда;раб;8:01;16,75;118,75;8;1;67;475
2000006;МОСКВА БЕЛОРУССКАЯ;апрель;среда;раб;8:02;17,25;128,5;8;2;69;514
2000006;МОСКВА БЕЛОРУССКАЯ;апрель;среда;раб;8:03;15,75;71;8;3;63;284
2000006;МОСКВА БЕЛОРУССКАЯ;апрель;среда;раб;8:04;17,25;58;8;4;69;232
2000006;МОСКВА БЕЛОРУССКАЯ;апрель;среда;раб;8:05;18,25;86,75;8;5;73;347
2000006;МОСКВА БЕЛОРУССКАЯ;апрель;среда;раб;8:06;11;114,5;8;6;44;458
2000006;МОСКВА БЕЛОРУССКАЯ;апрель;среда;раб;8:07;11,25;79;8;7;45;316
2000006;МОСКВА БЕЛОРУССКАЯ;апрель;среда;раб;8:08;13;29,75;8;8;52;119
2000006;МОСКВА БЕЛОРУССКАЯ;апрель;среда;раб;8:09;14;11;8;9;56;44
2000006;МОСКВА БЕЛОРУССКАЯ;апрель;среда;раб;8:10;14,5;3;8;10;58;12
2000006;МОСКВА БЕЛОРУССКАЯ;апрель;среда;раб;8:11;11,5;1;8;11;46;4
2000006;МОСКВА БЕЛОРУССКАЯ;апрель;среда;раб;8:12;19,75;0,5;8;12;79;2
2000006;МОСКВА БЕЛОРУССКАЯ;апрель;среда;раб;8:13;23,75;0;8;13;95;0
2000006;МОСКВА БЕЛОРУССКАЯ;апрель;среда;раб;8:14;17;13,25;8;14;68;53
2000006;МОСКВА БЕЛОРУССКАЯ;апрель;среда;раб;8:15;18,75;62,25;8;15;75;249
2000006;МОСКВА БЕЛОРУССКАЯ;апрель;среда;раб;8:16;19,5;99;8;16;78;396
2000006;МОСКВА БЕЛОРУССКАЯ;апрель;среда;раб;8:17;14,5;54,5;8;17;58;218
2000006;МОСКВА БЕЛОРУССКАЯ;апрель;среда;раб;8:18;16,25;33,75;8;18;65;135
2000006;МОСКВА БЕЛОРУССКАЯ;апрель;среда;раб;8:19;13;50,75;8;19;52;203
2000006;МОСКВА БЕЛОРУССКАЯ;апрель;среда;раб;8:20;13;91,75;8;20;52;367
2000006;МОСКВА БЕЛОРУССКАЯ;апрель;среда;раб;8:21;18;96,75;8;21;72;387
2000006;МОСКВА БЕЛОРУССКАЯ;апрель;среда;раб;8:22;18;113;8;22;72;452
2000006;МОСКВА БЕЛОРУССКАЯ;апрель;среда;раб;8:23;19;58,25;8;23;76;233
2000006;МОСКВА БЕЛОРУССКАЯ;апрель;среда;раб;8:24;14,25;15,75;8;24;57;63
2000006;МОСКВА БЕЛОРУССКАЯ;апрель;среда;раб;8:25;18,25;10,25;8;25;73;41
2000006;МОСКВА БЕЛОРУССКАЯ;апрель;среда;раб;8:26;17,75;4,5;8;26;71;18
2000006;МОСКВА БЕЛОРУССКАЯ;апрель;среда;раб;8:27;17,25;1,5;8;27;69;6
2000006;МОСКВА БЕЛОРУССКАЯ;апрель;среда;раб;8:28;23;4,75;8;28;92;19
2000006;МОСКВА БЕЛОРУССКАЯ;апрель;среда;раб;8:29;18,5;49,5;8;29;74;198
2000006;МОСКВА БЕЛОРУССКАЯ;апрель;среда;раб;8:30;14,5;88,5;8;30;58;354
2000006;МОСКВА БЕЛОРУССКАЯ;апрель;среда;раб;8:31;18,5;100,75;8;31;74;403
2000006;МОСКВА БЕЛОРУССКАЯ;апрель;среда;раб;8:32;14,25;118,5;8;32;57;474
2000006;МОСКВА БЕЛОРУССКАЯ;апрель;среда;раб;8:33;17,5;81,5;8;33;70;326
2000006;МОСКВА БЕЛОРУССКАЯ;апрель;среда;раб;8:34;18,5;90;8;34;74;360
2000006;МОСКВА БЕЛОРУССКАЯ;апрель;среда;раб;8:35;14,5;78;8;35;58;312
2000006;МОСКВА БЕЛОРУССКАЯ;апрель;среда;раб;8:36;13,25;92,25;8;36;53;369
2000006;МОСКВА БЕЛОРУССКАЯ;апрель;среда;раб;8:37;8,5;105;8;37;34;420
2000006;МОСКВА БЕЛОРУССКАЯ;апрель;среда;раб;8:38;11,75;139,25;8;38;47;557
2000006;МОСКВА БЕЛОРУССКАЯ;апрель;среда;раб;8:39;14;178,5;8;39;56;714
2000006;МОСКВА БЕЛОРУССКАЯ;апрель;среда;раб;8:40;8,5;208,75;8;40;34;835
2000006;МОСКВА БЕЛОРУССКАЯ;апрель;среда;раб;8:41;11;172,25;8;41;44;689
2000006;МОСКВА БЕЛОРУССКАЯ;апрель;среда;раб;8:42;9,25;178,25;8;42;37;713
2000006;МОСКВА БЕЛОРУССКАЯ;апрель;среда;раб;8:43;7;194,25;8;43;28;777
2000006;МОСКВА БЕЛОРУССКАЯ;апрель;среда;раб;8:44;7;123;8;44;28;492
2000006;МОСКВА БЕЛОРУССКАЯ;апрель;среда;раб;8:45;2,5;52,25;8;45;10;209
2000006;МОСКВА БЕЛОРУССКАЯ;апрель;среда;раб;8:46;3,75;51,75;8;46;15;207
2000006;МОСКВА БЕЛОРУССКАЯ;апрель;среда;раб;8:47;3;19,75;8;47;12;79
2000006;МОСКВА БЕЛОРУССКАЯ;апрель;среда;раб;8:48;3,75;11,5;8;48;15;46
2000006;МОСКВА БЕЛОРУССКАЯ;апрель;среда;раб;8:49;4;43,25;8;49;16;173
2000006;МОСКВА БЕЛОРУССКАЯ;апрель;среда;раб;8:50;2;65,75;8;50;8;263
2000006;МОСКВА БЕЛОРУССКАЯ;апрель;среда;раб;8:51;2,5;131,5;8;51;10;526
2000006;МОСКВА БЕЛОРУССКАЯ;апрель;среда;раб;8:52;3;94,25;8;52;12;377
2000006;МОСКВА БЕЛОРУССКАЯ;апрель;среда;раб;8:53;6;93,75;8;53;24;375
2000006;МОСКВА БЕЛОРУССКАЯ;апрель;среда;раб;8:54;6;66,5;8;54;24;266
2000006;МОСКВА БЕЛОРУССКАЯ;апрель;среда;раб;8:55;4,75;11,25;8;55;19;45
2000006;МОСКВА БЕЛОРУССКАЯ;апрель;среда;раб;8:56;5,75;2,25;8;56;23;9
2000006;МОСКВА БЕЛОРУССКАЯ;апрель;среда;раб;8:57;6,5;20;8;57;26;80
2000006;МОСКВА БЕЛОРУССКАЯ;апрель;среда;раб;8:58;9,25;63;8;58;37;252
2000006;МОСКВА БЕЛОРУССКАЯ;апрель;среда;раб;8:59;7;84,25;8;59;28;337
2000006;МОСКВА БЕЛОРУССКАЯ;апрель;среда;раб;9:00;8;45;9;0;32;180
2000006;МОСКВА БЕЛОРУССКАЯ;апрель;среда;раб;9:01;11,75;43,75;9;1;47;175
2000006;МОСКВА БЕЛОРУССКАЯ;апрель;среда;раб;9:02;6,25;95,25;9;2;25;381
2000006;МОСКВА БЕЛОРУССКАЯ;апрель;среда;раб;9:03;7;132;9;3;28;528
2000006;МОСКВА БЕЛОРУССКАЯ;апрель;среда;раб;9:04;8,5;106;9;4;34;424
2000006;МОСКВА БЕЛОРУССКАЯ;апрель;среда;раб;9:05;6,75;87,25;9;5;27;349
2000006;МОСКВА БЕЛОРУССКАЯ;апрель;среда;раб;9:06;9;59,25;9;6;36;237
2000006;МОСКВА БЕЛОРУССКАЯ;апрель;среда;раб;9:07;7;86,25;9;7;28;345
2000006;МОСКВА БЕЛОРУССКАЯ;апрель;среда;раб;9:08;9,25;99;9;8;37;396
2000006;МОСКВА БЕЛОРУССКАЯ;апрель;среда;раб;9:09;10,5;95;9;9;42;380
2000006;МОСКВА БЕЛОРУССКАЯ;апрель;среда;раб;9:10;7,75;56,75;9;10;31;227
2000006;МОСКВА БЕЛОРУССКАЯ;апрель;среда;раб;9:11;7;23,25;9;11;28;93
2000006;МОСКВА БЕЛОРУССКАЯ;апрель;среда;раб;9:12;8,75;30,5;9;12;35;122
2000006;МОСКВА БЕЛОРУССКАЯ;апрель;среда;раб;9:13;11;83;9;13;44;332
2000006;МОСКВА БЕЛОРУССКАЯ;апрель;среда;раб;9:14;10,25;145;9;14;41;580
2000006;МОСКВА БЕЛОРУССКАЯ;апрель;среда;раб;9:15;12;163,25;9;15;48;653
2000006;МОСКВА БЕЛОРУССКАЯ;апрель;среда;раб;9:16;12,5;79,5;9;16;50;318
2000006;МОСКВА БЕЛОРУССКАЯ;апрель;среда;раб;9:17;12,75;62,75;9;17;51;251
2000006;МОСКВА БЕЛОРУССКАЯ;апрель;среда;раб;9:18;16;110;9;18;64;440
2000006;МОСКВА БЕЛОРУССКАЯ;апрель;среда;раб;9:19;15;166,5;9;19;60;666
2000006;МОСКВА БЕЛОРУССКАЯ;апрель;среда;раб;9:20;10,5;99,25;9;20;42;397
2000006;МОСКВА БЕЛОРУССКАЯ;апрель;среда;раб;9:21;8;17,75;9;21;32;71
2000006;МОСКВА БЕЛОРУССКАЯ;апрель;среда;раб;9:22;8,75;7,5;9;22;35;30
2000006;МОСКВА БЕЛОРУССКАЯ;апрель;среда;раб;9:23;8;3,75;9;23;32;15
2000006;МОСКВА БЕЛОРУССКАЯ;апрель;среда;раб;9:24;6,25;1,25;9;24;25;5
2000006;МОСКВА БЕЛОРУССКАЯ;апрель;среда;раб;9:25;9,75;1,75;9;25;39;7
2000006;МОСКВА БЕЛОРУССКАЯ;апрель;среда;раб;9:26;7,75;0,75;9;26;31;3
2000006;МОСКВА БЕЛОРУССКАЯ;апрель;среда;раб;9:27;9,25;0,75;9;27;37;3
2000006;МОСКВА БЕЛОРУССКАЯ;апрель;среда;раб;9:28;12,25;0,25;9;28;49;1
2000006;МОСКВА БЕЛОРУССКАЯ;апрель;среда;раб;9:29;11;0,75;9;29;44;3
2000006;МОСКВА БЕЛОРУССКАЯ;апрель;среда;раб;9:30;9,5;0,5;9;30;38;2
2000006;МОСКВА БЕЛОРУССКАЯ;апрель;среда;раб;9:31;7,5;0;9;31;30;0
2000006;МОСКВА БЕЛОРУССКАЯ;апрель;среда;раб;9:32;10,75;0,25;9;32;43;1
2000006;МОСКВА БЕЛОРУССКАЯ;апрель;среда;раб;9:33;12,75;0,5;9;33;51;2
2000006;МОСКВА БЕЛОРУССКАЯ;апрель;среда;раб;9:34;9;49,75;9;34;36;199
2000006;МОСКВА БЕЛОРУССКАЯ;апрель;среда;раб;9:35;8,25;146;9;35;33;584
2000006;МОСКВА БЕЛОРУССКАЯ;апрель;среда;раб;9:36;9,5;158;9;36;38;632
2000006;МОСКВА БЕЛОРУССКАЯ;апрель;среда;раб;9:37;9,25;97;9;37;37;388
2000006;МОСКВА БЕЛОРУССКАЯ;апрель;среда;раб;9:38;5,5;49,25;9;38;22;197
2000006;МОСКВА БЕЛОРУССКАЯ;апрель;среда;раб;9:39;5,75;14,75;9;39;23;59
2000006;МОСКВА БЕЛОРУССКАЯ;апрель;среда;раб;9:40;5;2,25;9;40;20;9
2000006;МОСКВА БЕЛОРУССКАЯ;апрель;среда;раб;9:41;5,5;2;9;41;22;8
2000006;МОСКВА БЕЛОРУССКАЯ;апрель;среда;раб;9:42;6,25;6,75;9;42;25;27
2000006;МОСКВА БЕЛОРУССКАЯ;апрель;среда;раб;9:43;8,5;13,25;9;43;34;53
2000006;МОСКВА БЕЛОРУССКАЯ;апрель;среда;раб;9:44;8,5;29;9;44;34;116
2000006;МОСКВА БЕЛОРУССКАЯ;апрель;среда;раб;9:45;10,5;14;9;45;42;56
2000006;МОСКВА БЕЛОРУССКАЯ;апрель;среда;раб;9:46;9;8,25;9;46;36;33
2000006;МОСКВА БЕЛОРУССКАЯ;апрель;среда;раб;9:47;12,5;15,5;9;47;50;62
2000006;МОСКВА БЕЛОРУССКАЯ;апрель;среда;раб;9:48;9;6,75;9;48;36;27
2000006;МОСКВА БЕЛОРУССКАЯ;апрель;среда;раб;9:49;8,25;3,75;9;49;33;15
2000006;МОСКВА БЕЛОРУССКАЯ;апрель;среда;раб;9:50;12;5;9;50;48;20
2000006;МОСКВА БЕЛОРУССКАЯ;апрель;среда;раб;9:51;11,5;21;9;51;46;84
2000006;МОСКВА БЕЛОРУССКАЯ;апрель;среда;раб;9:52;8;44,25;9;52;32;177
2000006;МОСКВА БЕЛОРУССКАЯ;апрель;среда;раб;9:53;11;101,5;9;53;44;406
2000006;МОСКВА БЕЛОРУССКАЯ;апрель;среда;раб;9:54;12,5;111;9;54;50;444
2000006;МОСКВА БЕЛОРУССКАЯ;апрель;среда;раб;9:55;11;96,25;9;55;44;385
2000006;МОСКВА БЕЛОРУССКАЯ;апрель;среда;раб;9:56;9,75;57,75;9;56;39;231
2000006;МОСКВА БЕЛОРУССКАЯ;апрель;среда;раб;9:57;12,75;8,25;9;57;51;33
2000006;МОСКВА БЕЛОРУССКАЯ;апрель;среда;раб;9:58;8,5;3,25;9;58;34;13
2000006;МОСКВА БЕЛОРУССКАЯ;апрель;среда;раб;9:59;10;2,5;9;59;40;10
2000006;МОСКВА БЕЛОРУССКАЯ;апрель;среда;раб;10:00;10;2,25;10;0;40;9
2000006;МОСКВА БЕЛОРУССКАЯ;апрель;среда;раб;10:01;8,5;13,75;10;1;34;55
2000006;МОСКВА БЕЛОРУССКАЯ;апрель;среда;раб;10:02;10;65;10;2;40;260
2000006;МОСКВА БЕЛОРУССКАЯ;апрель;среда;раб;10:03;10;97,25;10;3;40;389
2000006;МОСКВА БЕЛОРУССКАЯ;апрель;среда;раб;10:04;9;109;10;4;36;436
2000006;МОСКВА БЕЛОРУССКАЯ;апрель;среда;раб;10:05;11,25;23,25;10;5;45;93
2000006;МОСКВА БЕЛОРУССКАЯ;апрель;среда;раб;10:06;6,75;7,5;10;6;27;30
2000006;МОСКВА БЕЛОРУССКАЯ;апрель;среда;раб;10:07;9,5;21,5;10;7;38;86
2000006;МОСКВА БЕЛОРУССКАЯ;апрель;среда;раб;10:08;11,5;30,25;10;8;46;121
2000006;МОСКВА БЕЛОРУССКАЯ;апрель;среда;раб;10:09;9,75;27,75;10;9;39;111
2000006;МОСКВА БЕЛОРУССКАЯ;апрель;среда;раб;10:10;14,5;6,5;10;10;58;26
2000006;МОСКВА БЕЛОРУССКАЯ;апрель;среда;раб;10:11;12,75;37,25;10;11;51;149
2000006;МОСКВА БЕЛОРУССКАЯ;апрель;среда;раб;10:12;10,25;61,5;10;12;41;246
2000006;МОСКВА БЕЛОРУССКАЯ;апрель;среда;раб;10:13;15,25;63,75;10;13;61;255
2000006;МОСКВА БЕЛОРУССКАЯ;апрель;среда;раб;10:14;14,25;45,25;10;14;57;181
2000006;МОСКВА БЕЛОРУССКАЯ;апрель;среда;раб;10:15;13,75;18,75;10;15;55;75
2000006;МОСКВА БЕЛОРУССКАЯ;апрель;среда;раб;10:16;16;6;10;16;64;24
2000006;МОСКВА БЕЛОРУССКАЯ;апрель;среда;раб;10:17;14;1,5;10;17;56;6
2000006;МОСКВА БЕЛОРУССКАЯ;апрель;среда;раб;10:18;11,75;6,75;10;18;47;27
2000006;МОСКВА БЕЛОРУССКАЯ;апрель;среда;раб;10:19;15,75;13;10;19;63;52
2000006;МОСКВА БЕЛОРУССКАЯ;апрель;среда;раб;10:20;16;18,5;10;20;64;74
2000006;МОСКВА БЕЛОРУССКАЯ;апрель;среда;раб;10:21;15,25;14,5;10;21;61;58
2000006;МОСКВА БЕЛОРУССКАЯ;апрель;среда;раб;10:22;15,5;10,5;10;22;62;42
2000006;МОСКВА БЕЛОРУССКАЯ;апрель;среда;раб;10:23;15;16,75;10;23;60;67
2000006;МОСКВА БЕЛОРУССКАЯ;апрель;среда;раб;10:24;10,5;17;10;24;42;68
2000006;МОСКВА БЕЛОРУССКАЯ;апрель;среда;раб;10:25;13,75;3;10;25;55;12
2000006;МОСКВА БЕЛОРУССКАЯ;апрель;среда;раб;10:26;16;7;10;26;64;28
2000006;МОСКВА БЕЛОРУССКАЯ;апрель;среда;раб;10:27;10,75;3,5;10;27;43;14
2000006;МОСКВА БЕЛОРУССКАЯ;апрель;среда;раб;10:28;13,25;2;10;28;53;8
2000006;МОСКВА БЕЛОРУССКАЯ;апрель;среда;раб;10:29;13,25;0,75;10;29;53;3
2000006;МОСКВА БЕЛОРУССКАЯ;апрель;среда;раб;10:30;14,25;1,75;10;30;57;7
2000006;МОСКВА БЕЛОРУССКАЯ;апрель;среда;раб;10:31;12,75;0,75;10;31;51;3
2000006;МОСКВА БЕЛОРУССКАЯ;апрель;среда;раб;10:32;16;1,5;10;32;64;6
2000006;МОСКВА БЕЛОРУССКАЯ;апрель;среда;раб;10:33;13,5;54,75;10;33;54;219
2000006;МОСКВА БЕЛОРУССКАЯ;апрель;среда;раб;10:34;13,25;14,5;10;34;53;58
2000006;МОСКВА БЕЛОРУССКАЯ;апрель;среда;раб;10:35;11;14;10;35;44;56
2000006;МОСКВА БЕЛОРУССКАЯ;апрель;среда;раб;10:36;8,25;30,25;10;36;33;121
2000006;МОСКВА БЕЛОРУССКАЯ;апрель;среда;раб;10:37;9,25;62,25;10;37;37;249
2000006;МОСКВА БЕЛОРУССКАЯ;апрель;среда;раб;10:38;9,5;116,75;10;38;38;467
2000006;МОСКВА БЕЛОРУССКАЯ;апрель;среда;раб;10:39;6,75;131,75;10;39;27;527
2000006;МОСКВА БЕЛОРУССКАЯ;апрель;среда;раб;10:40;6,25;92,75;10;40;25;371
2000006;МОСКВА БЕЛОРУССКАЯ;апрель;среда;раб;10:41;4;33,75;10;41;16;135
2000006;МОСКВА БЕЛОРУССКАЯ;апрель;среда;раб;10:42;3,5;5,75;10;42;14;23
2000006;МОСКВА БЕЛОРУССКАЯ;апрель;среда;раб;10:43;1,75;4,25;10;43;7;17
2000006;МОСКВА БЕЛОРУССКАЯ;апрель;среда;раб;10:44;3;2,5;10;44;12;10
2000006;МОСКВА БЕЛОРУССКАЯ;апрель;среда;раб;10:45;1,75;1;10;45;7;4
2000006;МОСКВА БЕЛОРУССКАЯ;апрель;среда;раб;10:46;0,25;2,5;10;46;1;10
2000006;МОСКВА БЕЛОРУССКАЯ;апрель;среда;раб;10:47;1;3;10;47;4;12
2000006;МОСКВА БЕЛОРУССКАЯ;апрель;среда;раб;10:48;1,25;6,25;10;48;5;25
2000006;МОСКВА БЕЛОРУССКАЯ;апрель;среда;раб;10:49;1;34;10;49;4;136
2000006;МОСКВА БЕЛОРУССКАЯ;апрель;среда;раб;10:50;1,5;73,5;10;50;6;294
2000006;МОСКВА БЕЛОРУССКАЯ;апрель;среда;раб;10:51;2,25;55,25;10;51;9;221
2000006;МОСКВА БЕЛОРУССКАЯ;апрель;среда;раб;10:52;0,25;16,25;10;52;1;65
2000006;МОСКВА БЕЛОРУССКАЯ;апрель;среда;раб;10:53;0,75;5;10;53;3;20
2000006;МОСКВА БЕЛОРУССКАЯ;апрель;среда;раб;10:54;1;2;10;54;4;8
2000006;МОСКВА БЕЛОРУССКАЯ;апрель;среда;раб;10:55;1,25;0,5;10;55;5;2
2000006;МОСКВА БЕЛОРУССКАЯ;апрель;среда;раб;10:56;1,75;1,25;10;56;7;5
2000006;МОСКВА БЕЛОРУССКАЯ;апрель;среда;раб;10:57;0,75;0,75;10;57;3;3
2000006;МОСКВА БЕЛОРУССКАЯ;апрель;среда;раб;10:58;0;1;10;58;0;4
2000006;МОСКВА БЕЛОРУССКАЯ;апрель;среда;раб;10:59;0,5;0,25;10;59;2;1
2000006;МОСКВА БЕЛОРУССКАЯ;апрель;среда;раб;11:00;0,75;0;11;0;3;0
2000006;МОСКВА БЕЛОРУССКАЯ;апрель;среда;раб;11:01;1,25;0,25;11;1;5;1
2000006;МОСКВА БЕЛОРУССКАЯ;апрель;среда;раб;11:02;1,25;0;11;2;5;0
2000006;МОСКВА БЕЛОРУССКАЯ;апрель;среда;раб;11:03;1,25;0,5;11;3;5;2
2000006;МОСКВА БЕЛОРУССКАЯ;апрель;среда;раб;11:04;1,5;0,5;11;4;6;2
2000006;МОСКВА БЕЛОРУССКАЯ;апрель;среда;раб;11:05;1,75;0;11;5;7;0
2000006;МОСКВА БЕЛОРУССКАЯ;апрель;среда;раб;11:06;0,5;0,25;11;6;2;1
2000006;МОСКВА БЕЛОРУССКАЯ;апрель;среда;раб;11:07;1;0;11;7;4;0
2000006;МОСКВА БЕЛОРУССКАЯ;апрель;среда;раб;11:08;0,5;8,5;11;8;2;34
2000006;МОСКВА БЕЛОРУССКАЯ;апрель;среда;раб;11:09;1,25;67,5;11;9;5;270
2000006;МОСКВА БЕЛОРУССКАЯ;апрель;среда;раб;11:10;0,75;86;11;10;3;344
2000006;МОСКВА БЕЛОРУССКАЯ;апрель;среда;раб;11:11;3,5;54;11;11;14;216
2000006;МОСКВА БЕЛОРУССКАЯ;апрель;среда;раб;11:12;1;13;11;12;4;52
2000006;МОСКВА БЕЛОРУССКАЯ;апрель;среда;раб;11:13;1,75;2,5;11;13;7;10
2000006;МОСКВА БЕЛОРУССКАЯ;апрель;среда;раб;11:14;1;1;11;14;4;4
2000006;МОСКВА БЕЛОРУССКАЯ;апрель;среда;раб;11:15;1;7,75;11;15;4;31
2000006;МОСКВА БЕЛОРУССКАЯ;апрель;среда;раб;11:16;0,75;32,5;11;16;3;130
2000006;МОСКВА БЕЛОРУССКАЯ;апрель;среда;раб;11:17;0,25;47,5;11;17;1;190
2000006;МОСКВА БЕЛОРУССКАЯ;апрель;среда;раб;11:18;2;40;11;18;8;160
2000006;МОСКВА БЕЛОРУССКАЯ;апрель;среда;раб;11:19;1,75;21,25;11;19;7;85
2000006;МОСКВА БЕЛОРУССКАЯ;апрель;среда;раб;11:20;1,5;10,25;11;20;6;41
2000006;МОСКВА БЕЛОРУССКАЯ;апрель;среда;раб;11:21;1,5;2,25;11;21;6;9
2000006;МОСКВА БЕЛОРУССКАЯ;апрель;среда;раб;11:22;1,75;2;11;22;7;8
2000006;МОСКВА БЕЛОРУССКАЯ;апрель;среда;раб;11:23;0,75;1,75;11;23;3;7
2000006;МОСКВА БЕЛОРУССКАЯ;апрель;среда;раб;11:24;0;1,75;11;24;0;7
2000006;МОСКВА БЕЛОРУССКАЯ;апрель;среда;раб;11:25;0,75;18,5;11;25;3;74
2000006;МОСКВА БЕЛОРУССКАЯ;апрель;среда;раб;11:26;2,25;17,75;11;26;9;71
2000006;МОСКВА БЕЛОРУССКАЯ;апрель;среда;раб;11:27;4;24;11;27;16;96
2000006;МОСКВА БЕЛОРУССКАЯ;апрель;среда;раб;11:28;4,75;25,25;11;28;19;101
2000006;МОСКВА БЕЛОРУССКАЯ;апрель;среда;раб;11:29;1,25;50,75;11;29;5;203
2000006;МОСКВА БЕЛОРУССКАЯ;апрель;среда;раб;11:30;1,5;59;11;30;6;236
2000006;МОСКВА БЕЛОРУССКАЯ;апрель;среда;раб;11:31;1,5;29,75;11;31;6;119
2000006;МОСКВА БЕЛОРУССКАЯ;апрель;среда;раб;11:32;0,5;10,75;11;32;2;43
2000006;МОСКВА БЕЛОРУССКАЯ;апрель;среда;раб;11:33;1,5;2,5;11;33;6;10
2000006;МОСКВА БЕЛОРУССКАЯ;апрель;среда;раб;11:34;2;13;11;34;8;52
2000006;МОСКВА БЕЛОРУССКАЯ;апрель;среда;раб;11:35;0,25;11,25;11;35;1;45
2000006;МОСКВА БЕЛОРУССКАЯ;апрель;среда;раб;11:36;1,75;42,5;11;36;7;170
2000006;МОСКВА БЕЛОРУССКАЯ;апрель;среда;раб;11:37;0,75;50;11;37;3;200
2000006;МОСКВА БЕЛОРУССКАЯ;апрель;среда;раб;11:38;1;65,75;11;38;4;263
2000006;МОСКВА БЕЛОРУССКАЯ;апрель;среда;раб;11:39;1;48,75;11;39;4;195
2000006;МОСКВА БЕЛОРУССКАЯ;апрель;среда;раб;11:40;0,75;29,75;11;40;3;119
2000006;МОСКВА БЕЛОРУССКАЯ;апрель;среда;раб;11:41;1;13,5;11;41;4;54
2000006;МОСКВА БЕЛОРУССКАЯ;апрель;среда;раб;11:42;2;10;11;42;8;40
2000006;МОСКВА БЕЛОРУССКАЯ;апрель;среда;раб;11:43;1,5;9,75;11;43;6;39
2000006;МОСКВА БЕЛОРУССКАЯ;апрель;среда;раб;11:44;1,25;11,75;11;44;5;47
2000006;МОСКВА БЕЛОРУССКАЯ;апрель;среда;раб;11:45;1;15;11;45;4;60
2000006;МОСКВА БЕЛОРУССКАЯ;апрель;среда;раб;11:46;0,5;18;11;46;2;72
2000006;МОСКВА БЕЛОРУССКАЯ;апрель;среда;раб;11:47;1;10,25;11;47;4;41
2000006;МОСКВА БЕЛОРУССКАЯ;апрель;среда;раб;11:48;0,25;3,75;11;48;1;15
2000006;МОСКВА БЕЛОРУССКАЯ;апрель;среда;раб;11:49;1;1,25;11;49;4;5
2000006;МОСКВА БЕЛОРУССКАЯ;апрель;среда;раб;11:50;1,5;3;11;50;6;12
2000006;МОСКВА БЕЛОРУССКАЯ;апрель;среда;раб;11:51;0,75;1,25;11;51;3;5
2000006;МОСКВА БЕЛОРУССКАЯ;апрель;среда;раб;11:52;2;0,75;11;52;8;3
2000006;МОСКВА БЕЛОРУССКАЯ;апрель;среда;раб;11:53;1;0,25;11;53;4;1
2000006;МОСКВА БЕЛОРУССКАЯ;апрель;среда;раб;11:54;1,25;0,25;11;54;5;1
2000006;МОСКВА БЕЛОРУССКАЯ;апрель;среда;раб;11:55;0,5;0,5;11;55;2;2
2000006;МОСКВА БЕЛОРУССКАЯ;апрель;среда;раб;11:56;0,75;0,5;11;56;3;2
2000006;МОСКВА БЕЛОРУССКАЯ;апрель;среда;раб;11:57;0,75;0,75;11;57;3;3
2000006;МОСКВА БЕЛОРУССКАЯ;апрель;среда;раб;11:58;1,5;0;11;58;6;0
2000006;МОСКВА БЕЛОРУССКАЯ;апрель;среда;раб;11:59;1;0,75;11;59;4;3
2000006;МОСКВА БЕЛОРУССКАЯ;апрель;среда;раб;12:00;1,25;0;12;0;5;0
2000006;МОСКВА БЕЛОРУССКАЯ;апрель;среда;раб;12:01;2;0;12;1;8;0
2000006;МОСКВА БЕЛОРУССКАЯ;апрель;среда;раб;12:02;1;2,5;12;2;4;10
2000006;МОСКВА БЕЛОРУССКАЯ;апрель;среда;раб;12:03;1,5;0,75;12;3;6;3
2000006;МОСКВА БЕЛОРУССКАЯ;апрель;среда;раб;12:04;1,5;1,5;12;4;6;6
2000006;МОСКВА БЕЛОРУССКАЯ;апрель;среда;раб;12:05;2,25;0,5;12;5;9;2
2000006;МОСКВА БЕЛОРУССКАЯ;апрель;среда;раб;12:06;2,75;0;12;6;11;0
2000006;МОСКВА БЕЛОРУССКАЯ;апрель;среда;раб;12:07;0,75;0,25;12;7;3;1
2000006;МОСКВА БЕЛОРУССКАЯ;апрель;среда;раб;12:08;2;0,25;12;8;8;1
2000006;МОСКВА БЕЛОРУССКАЯ;апрель;среда;раб;12:09;1,5;0;12;9;6;0
2000006;МОСКВА БЕЛОРУССКАЯ;апрель;среда;раб;12:10;2,5;0,5;12;10;10;2
2000006;МОСКВА БЕЛОРУССКАЯ;апрель;среда;раб;12:11;1;0,25;12;11;4;1
2000006;МОСКВА БЕЛОРУССКАЯ;апрель;среда;раб;12:12;1,75;2;12;12;7;8
2000006;МОСКВА БЕЛОРУССКАЯ;апрель;среда;раб;12:13;2,75;32;12;13;11;128
2000006;МОСКВА БЕЛОРУССКАЯ;апрель;среда;раб;12:14;3,25;33,75;12;14;13;135
2000006;МОСКВА БЕЛОРУССКАЯ;апрель;среда;раб;12:15;2,75;35,5;12;15;11;142
2000006;МОСКВА БЕЛОРУССКАЯ;апрель;среда;раб;12:16;2,25;40;12;16;9;160
2000006;МОСКВА БЕЛОРУССКАЯ;апрель;среда;раб;12:17;4;22,25;12;17;16;89
2000006;МОСКВА БЕЛОРУССКАЯ;апрель;среда;раб;12:18;3,25;11;12;18;13;44
2000006;МОСКВА БЕЛОРУССКАЯ;апрель;среда;раб;12:19;3,25;5,25;12;19;13;21
2000006;МОСКВА БЕЛОРУССКАЯ;апрель;среда;раб;12:20;2,75;1,75;12;20;11;7
2000006;МОСКВА БЕЛОРУССКАЯ;апрель;среда;раб;12:21;3,5;1,5;12;21;14;6
2000006;МОСКВА БЕЛОРУССКАЯ;апрель;среда;раб;12:22;5,5;1;12;22;22;4
2000006;МОСКВА БЕЛОРУССКАЯ;апрель;среда;раб;12:23;5,75;0;12;23;23;0
2000006;МОСКВА БЕЛОРУССКАЯ;апрель;среда;раб;12:24;4;0,75;12;24;16;3
2000006;МОСКВА БЕЛОРУССКАЯ;апрель;среда;раб;12:25;3,75;0,75;12;25;15;3
2000006;МОСКВА БЕЛОРУССКАЯ;апрель;среда;раб;12:26;4,5;1;12;26;18;4
2000006;МОСКВА БЕЛОРУССКАЯ;апрель;среда;раб;12:27;6;1;12;27;24;4
2000006;МОСКВА БЕЛОРУССКАЯ;апрель;среда;раб;12:28;6;0;12;28;24;0
2000006;МОСКВА БЕЛОРУССКАЯ;апрель;среда;раб;12:29;4;0;12;29;16;0
2000006;МОСКВА БЕЛОРУССКАЯ;апрель;среда;раб;12:30;5,25;0,25;12;30;21;1
2000006;МОСКВА БЕЛОРУССКАЯ;апрель;среда;раб;12:31;6,75;0;12;31;27;0
2000006;МОСКВА БЕЛОРУССКАЯ;апрель;среда;раб;12:32;5,5;28,75;12;32;22;115
2000006;МОСКВА БЕЛОРУССКАЯ;апрель;среда;раб;12:33;8;47,25;12;33;32;189
2000006;МОСКВА БЕЛОРУССКАЯ;апрель;среда;раб;12:34;7,75;47,75;12;34;31;191
2000006;МОСКВА БЕЛОРУССКАЯ;апрель;среда;раб;12:35;7;33,5;12;35;28;134
2000006;МОСКВА БЕЛОРУССКАЯ;апрель;среда;раб;12:36;7,5;14,75;12;36;30;59
2000006;МОСКВА БЕЛОРУССКАЯ;апрель;среда;раб;12:37;5,25;6;12;37;21;24
2000006;МОСКВА БЕЛОРУССКАЯ;апрель;среда;раб;12:38;9;16,75;12;38;36;67
2000006;МОСКВА БЕЛОРУССКАЯ;апрель;среда;раб;12:39;10;24,25;12;39;40;97
2000006;МОСКВА БЕЛОРУССКАЯ;апрель;среда;раб;12:40;8,75;36,75;12;40;35;147
2000006;МОСКВА БЕЛОРУССКАЯ;апрель;среда;раб;12:41;10;45;12;41;40;180
2000006;МОСКВА БЕЛОРУССКАЯ;апрель;среда;раб;12:42;7,25;24,75;12;42;29;99
2000006;МОСКВА БЕЛОРУССКАЯ;апрель;среда;раб;12:43;13,5;6;12;43;54;24
2000006;МОСКВА БЕЛОРУССКАЯ;апрель;среда;раб;12:44;16;2;12;44;64;8
2000006;МОСКВА БЕЛОРУССКАЯ;апрель;среда;раб;12:45;11,25;3,25;12;45;45;13
2000006;МОСКВА БЕЛОРУССКАЯ;апрель;среда;раб;12:46;15,25;17;12;46;61;68
2000006;МОСКВА БЕЛОРУССКАЯ;апрель;среда;раб;12:47;11,25;19,75;12;47;45;79
2000006;МОСКВА БЕЛОРУССКАЯ;апрель;среда;раб;12:48;13;15,25;12;48;52;61
2000006;МОСКВА БЕЛОРУССКАЯ;апрель;среда;раб;12:49;11,75;5,5;12;49;47;22
2000006;МОСКВА БЕЛОРУССКАЯ;апрель;среда;раб;12:50;13,75;2,75;12;50;55;11
2000006;МОСКВА БЕЛОРУССКАЯ;апрель;среда;раб;12:51;8,5;1,75;12;51;34;7
2000006;МОСКВА БЕЛОРУССКАЯ;апрель;среда;раб;12:52;11;1,5;12;52;44;6
2000006;МОСКВА БЕЛОРУССКАЯ;апрель;среда;раб;12:53;12,25;0,25;12;53;49;1
2000006;МОСКВА БЕЛОРУССКАЯ;апрель;среда;раб;12:54;10;32;12;54;40;128
2000006;МОСКВА БЕЛОРУССКАЯ;апрель;среда;раб;12:55;12,25;27,5;12;55;49;110
2000006;МОСКВА БЕЛОРУССКАЯ;апрель;среда;раб;12:56;9,25;4;12;56;37;16
2000006;МОСКВА БЕЛОРУССКАЯ;апрель;среда;раб;12:57;9;1,25;12;57;36;5
2000006;МОСКВА БЕЛОРУССКАЯ;апрель;среда;раб;12:58;11,75;1;12;58;47;4
2000006;МОСКВА БЕЛОРУССКАЯ;апрель;среда;раб;12:59;10,5;1;12;59;42;4
2000006;МОСКВА БЕЛОРУССКАЯ;апрель;среда;раб;13:00;6,75;0,25;13;0;27;1
2000006;МОСКВА БЕЛОРУССКАЯ;апрель;среда;раб;13:01;6;0,25;13;1;24;1
2000006;МОСКВА БЕЛОРУССКАЯ;апрель;среда;раб;13:02;7,25;1,25;13;2;29;5
2000006;МОСКВА БЕЛОРУССКАЯ;апрель;среда;раб;13:03;8,5;0,25;13;3;34;1
2000006;МОСКВА БЕЛОРУССКАЯ;апрель;среда;раб;13:04;9,5;0,75;13;4;38;3
2000006;МОСКВА БЕЛОРУССКАЯ;апрель;среда;раб;13:05;8;0,75;13;5;32;3
2000006;МОСКВА БЕЛОРУССКАЯ;апрель;среда;раб;13:06;8,5;0,5;13;6;34;2
2000006;МОСКВА БЕЛОРУССКАЯ;апрель;среда;раб;13:07;8,5;0,5;13;7;34;2
2000006;МОСКВА БЕЛОРУССКАЯ;апрель;среда;раб;13:08;8,25;0,25;13;8;33;1
2000006;МОСКВА БЕЛОРУССКАЯ;апрель;среда;раб;13:09;12;1;13;9;48;4
2000006;МОСКВА БЕЛОРУССКАЯ;апрель;среда;раб;13:10;10;0;13;10;40;0
2000006;МОСКВА БЕЛОРУССКАЯ;апрель;среда;раб;13:11;13;0,5;13;11;52;2
2000006;МОСКВА БЕЛОРУССКАЯ;апрель;среда;раб;13:12;16,25;0,25;13;12;65;1
2000006;МОСКВА БЕЛОРУССКАЯ;апрель;среда;раб;13:13;14;1;13;13;56;4
2000006;МОСКВА БЕЛОРУССКАЯ;апрель;среда;раб;13:14;14,75;0,25;13;14;59;1
2000006;МОСКВА БЕЛОРУССКАЯ;апрель;среда;раб;13:15;12,75;0,25;13;15;51;1
2000006;МОСКВА БЕЛОРУССКАЯ;апрель;среда;раб;13:16;13,25;0,75;13;16;53;3
2000006;МОСКВА БЕЛОРУССКАЯ;апрель;среда;раб;13:17;13,75;1;13;17;55;4
2000006;МОСКВА БЕЛОРУССКАЯ;апрель;среда;раб;13:18;16,5;1;13;18;66;4
2000006;МОСКВА БЕЛОРУССКАЯ;апрель;среда;раб;13:19;19,75;12,5;13;19;79;50
2000006;МОСКВА БЕЛОРУССКАЯ;апрель;среда;раб;13:20;18,5;29,75;13;20;74;119
2000006;МОСКВА БЕЛОРУССКАЯ;апрель;среда;раб;13:21;15;37;13;21;60;148
2000006;МОСКВА БЕЛОРУССКАЯ;апрель;среда;раб;13:22;22,25;29,75;13;22;89;119
2000006;МОСКВА БЕЛОРУССКАЯ;апрель;среда;раб;13:23;19;16;13;23;76;64
2000006;МОСКВА БЕЛОРУССКАЯ;апрель;среда;раб;13:24;19,25;22,25;13;24;77;89
2000006;МОСКВА БЕЛОРУССКАЯ;апрель;среда;раб;13:25;17,5;36;13;25;70;144
2000006;МОСКВА БЕЛОРУССКАЯ;апрель;среда;раб;13:26;22;61,5;13;26;88;246
2000006;МОСКВА БЕЛОРУССКАЯ;апрель;среда;раб;13:27;19,25;45,75;13;27;77;183
2000006;МОСКВА БЕЛОРУССКАЯ;апрель;среда;раб;13:28;14;38,75;13;28;56;155
2000006;МОСКВА БЕЛОРУССКАЯ;апрель;среда;раб;13:29;16;23,5;13;29;64;94
2000006;МОСКВА БЕЛОРУССКАЯ;апрель;среда;раб;13:30;14,5;7,5;13;30;58;30
2000006;МОСКВА БЕЛОРУССКАЯ;апрель;среда;раб;13:31;15,75;4,75;13;31;63;19
2000006;МОСКВА БЕЛОРУССКАЯ;апрель;среда;раб;13:32;11,25;2;13;32;45;8
2000006;МОСКВА БЕЛОРУССКАЯ;апрель;среда;раб;13:33;16;1,5;13;33;64;6
2000006;МОСКВА БЕЛОРУССКАЯ;апрель;среда;раб;13:34;11;1,25;13;34;44;5
2000006;МОСКВА БЕЛОРУССКАЯ;апрель;среда;раб;13:35;9,75;2;13;35;39;8
2000006;МОСКВА БЕЛОРУССКАЯ;апрель;среда;раб;13:36;12,5;0,75;13;36;50;3
2000006;МОСКВА БЕЛОРУССКАЯ;апрель;среда;раб;13:37;6,5;0,75;13;37;26;3
2000006;МОСКВА БЕЛОРУССКАЯ;апрель;среда;раб;13:38;6,5;0,5;13;38;26;2
2000006;МОСКВА БЕЛОРУССКАЯ;апрель;среда;раб;13:39;6;2,5;13;39;24;10
2000006;МОСКВА БЕЛОРУССКАЯ;апрель;среда;раб;13:40;10,5;1,25;13;40;42;5
2000006;МОСКВА БЕЛОРУССКАЯ;апрель;среда;раб;13:41;12;0,75;13;41;48;3
2000006;МОСКВА БЕЛОРУССКАЯ;апрель;среда;раб;13:42;9,75;1;13;42;39;4
2000006;МОСКВА БЕЛОРУССКАЯ;апрель;среда;раб;13:43;9,75;0,25;13;43;39;1
2000006;МОСКВА БЕЛОРУССКАЯ;апрель;среда;раб;13:44;7,75;0,25;13;44;31;1
2000006;МОСКВА БЕЛОРУССКАЯ;апрель;среда;раб;13:45;9,75;0,5;13;45;39;2
2000006;МОСКВА БЕЛОРУССКАЯ;апрель;среда;раб;13:46;10,25;1,25;13;46;41;5
2000006;МОСКВА БЕЛОРУССКАЯ;апрель;среда;раб;13:47;12,25;1,75;13;47;49;7
2000006;МОСКВА БЕЛОРУССКАЯ;апрель;среда;раб;13:48;9,25;1,25;13;48;37;5
2000006;МОСКВА БЕЛОРУССКАЯ;апрель;среда;раб;13:49;14,75;0,75;13;49;59;3
2000006;МОСКВА БЕЛОРУССКАЯ;апрель;среда;раб;13:50;10,25;2;13;50;41;8
2000006;МОСКВА БЕЛОРУССКАЯ;апрель;среда;раб;13:51;14,75;6,25;13;51;59;25
2000006;МОСКВА БЕЛОРУССКАЯ;апрель;среда;раб;13:52;16;1,75;13;52;64;7
2000006;МОСКВА БЕЛОРУССКАЯ;апрель;среда;раб;13:53;15;5,5;13;53;60;22
2000006;МОСКВА БЕЛОРУССКАЯ;апрель;среда;раб;13:54;15,5;6,75;13;54;62;27
2000006;МОСКВА БЕЛОРУССКАЯ;апрель;среда;раб;13:55;16,5;4,75;13;55;66;19
2000006;МОСКВА БЕЛОРУССКАЯ;апрель;среда;раб;13:56;17;2,5;13;56;68;10
2000006;МОСКВА БЕЛОРУССКАЯ;апрель;среда;раб;13:57;18;4,75;13;57;72;19
2000006;МОСКВА БЕЛОРУССКАЯ;апрель;среда;раб;13:58;20,25;1,5;13;58;81;6
2000006;МОСКВА БЕЛОРУССКАЯ;апрель;среда;раб;13:59;17,75;0,75;13;59;71;3
2000006;МОСКВА БЕЛОРУССКАЯ;апрель;среда;раб;14:00;15;2,25;14;0;60;9
2000006;МОСКВА БЕЛОРУССКАЯ;апрель;среда;раб;14:01;14,25;0;14;1;57;0
2000006;МОСКВА БЕЛОРУССКАЯ;апрель;среда;раб;14:02;14,5;1;14;2;58;4
2000006;МОСКВА БЕЛОРУССКАЯ;апрель;среда;раб;14:03;17,5;1,25;14;3;70;5
2000006;МОСКВА БЕЛОРУССКАЯ;апрель;среда;раб;14:04;15,75;0,5;14;4;63;2
2000006;МОСКВА БЕЛОРУССКАЯ;апрель;среда;раб;14:05;18,25;0,5;14;5;73;2
2000006;МОСКВА БЕЛОРУССКАЯ;апрель;среда;раб;14:06;20;0,25;14;6;80;1
2000006;МОСКВА БЕЛОРУССКАЯ;апрель;среда;раб;14:07;15;0,25;14;7;60;1
2000006;МОСКВА БЕЛОРУССКАЯ;апрель;среда;раб;14:08;17,5;0,75;14;8;70;3
2000006;МОСКВА БЕЛОРУССКАЯ;апрель;среда;раб;14:09;21,75;0,5;14;9;87;2
2000006;МОСКВА БЕЛОРУССКАЯ;апрель;среда;раб;14:10;20,5;0,25;14;10;82;1
2000006;МОСКВА БЕЛОРУССКАЯ;апрель;среда;раб;14:11;21,25;1,5;14;11;85;6
2000006;МОСКВА БЕЛОРУССКАЯ;апрель;среда;раб;14:12;22,75;0,25;14;12;91;1
2000006;МОСКВА БЕЛОРУССКАЯ;апрель;среда;раб;14:13;22;0,5;14;13;88;2
2000006;МОСКВА БЕЛОРУССКАЯ;апрель;среда;раб;14:14;23;0,75;14;14;92;3
2000006;МОСКВА БЕЛОРУССКАЯ;апрель;среда;раб;14:15;18;0;14;15;72;0
2000006;МОСКВА БЕЛОРУССКАЯ;апрель;среда;раб;14:16;20;0;14;16;80;0
2000006;МОСКВА БЕЛОРУССКАЯ;апрель;среда;раб;14:17;20;0;14;17;80;0
2000006;МОСКВА БЕЛОРУССКАЯ;апрель;среда;раб;14:18;18,75;0,25;14;18;75;1
2000006;МОСКВА БЕЛОРУССКАЯ;апрель;среда;раб;14:19;18,75;0;14;19;75;0
2000006;МОСКВА БЕЛОРУССКАЯ;апрель;среда;раб;14:20;17,75;1,25;14;20;71;5
2000006;МОСКВА БЕЛОРУССКАЯ;апрель;среда;раб;14:21;17,75;2,75;14;21;71;11
2000006;МОСКВА БЕЛОРУССКАЯ;апрель;среда;раб;14:22;14;7,25;14;22;56;29
2000006;МОСКВА БЕЛОРУССКАЯ;апрель;среда;раб;14:23;13,5;3;14;23;54;12
2000006;МОСКВА БЕЛОРУССКАЯ;апрель;среда;раб;14:24;12;5;14;24;48;20
2000006;МОСКВА БЕЛОРУССКАЯ;апрель;среда;раб;14:25;11,5;4,5;14;25;46;18
2000006;МОСКВА БЕЛОРУССКАЯ;апрель;среда;раб;14:26;10;1,5;14;26;40;6
2000006;МОСКВА БЕЛОРУССКАЯ;апрель;среда;раб;14:27;12;1,75;14;27;48;7
2000006;МОСКВА БЕЛОРУССКАЯ;апрель;среда;раб;14:28;14,75;2,5;14;28;59;10
2000006;МОСКВА БЕЛОРУССКАЯ;апрель;среда;раб;14:29;14,25;0,5;14;29;57;2
2000006;МОСКВА БЕЛОРУССКАЯ;апрель;среда;раб;14:30;10,25;0;14;30;41;0
2000006;МОСКВА БЕЛОРУССКАЯ;апрель;среда;раб;14:31;12,25;0,25;14;31;49;1
2000006;МОСКВА БЕЛОРУССКАЯ;апрель;среда;раб;14:32;12,75;0,25;14;32;51;1
2000006;МОСКВА БЕЛОРУССКАЯ;апрель;среда;раб;14:33;10,75;0;14;33;43;0
2000006;МОСКВА БЕЛОРУССКАЯ;апрель;среда;раб;14:34;10,25;0;14;34;41;0
2000006;МОСКВА БЕЛОРУССКАЯ;апрель;среда;раб;14:35;10,5;0;14;35;42;0
2000006;МОСКВА БЕЛОРУССКАЯ;апрель;среда;раб;14:36;10,75;0,25;14;36;43;1
2000006;МОСКВА БЕЛОРУССКАЯ;апрель;среда;раб;14:37;8,5;0;14;37;34;0
2000006;МОСКВА БЕЛОРУССКАЯ;апрель;среда;раб;14:38;9;0;14;38;36;0
2000006;МОСКВА БЕЛОРУССКАЯ;апрель;среда;раб;14:39;9,75;0,25;14;39;39;1
2000006;МОСКВА БЕЛОРУССКАЯ;апрель;среда;раб;14:40;13,75;0,25;14;40;55;1
2000006;МОСКВА БЕЛОРУССКАЯ;апрель;среда;раб;14:41;20,75;0;14;41;83;0
2000006;МОСКВА БЕЛОРУССКАЯ;апрель;среда;раб;14:42;12,25;0,25;14;42;49;1
2000006;МОСКВА БЕЛОРУССКАЯ;апрель;среда;раб;14:43;11,75;0,25;14;43;47;1
2000006;МОСКВА БЕЛОРУССКАЯ;апрель;среда;раб;14:44;14,5;0,5;14;44;58;2
2000006;МОСКВА БЕЛОРУССКАЯ;апрель;среда;раб;14:45;11,5;0;14;45;46;0
2000006;МОСКВА БЕЛОРУССКАЯ;апрель;среда;раб;14:46;16,75;0,5;14;46;67;2
2000006;МОСКВА БЕЛОРУССКАЯ;апрель;среда;раб;14:47;14,25;0,5;14;47;57;2
2000006;МОСКВА БЕЛОРУССКАЯ;апрель;среда;раб;14:48;16,5;1,25;14;48;66;5
2000006;МОСКВА БЕЛОРУССКАЯ;апрель;среда;раб;14:49;10,25;0,75;14;49;41;3
2000006;МОСКВА БЕЛОРУССКАЯ;апрель;среда;раб;14:50;11,25;5,25;14;50;45;21
2000006;МОСКВА БЕЛОРУССКАЯ;апрель;среда;раб;14:51;13,25;2,75;14;51;53;11
2000006;МОСКВА БЕЛОРУССКАЯ;апрель;среда;раб;14:52;13;3;14;52;52;12
2000006;МОСКВА БЕЛОРУССКАЯ;апрель;среда;раб;14:53;9;4,75;14;53;36;19
2000006;МОСКВА БЕЛОРУССКАЯ;апрель;среда;раб;14:54;14;4,25;14;54;56;17
2000006;МОСКВА БЕЛОРУССКАЯ;апрель;среда;раб;14:55;12;0,75;14;55;48;3
2000006;МОСКВА БЕЛОРУССКАЯ;апрель;среда;раб;14:56;9,25;1,5;14;56;37;6
2000006;МОСКВА БЕЛОРУССКАЯ;апрель;среда;раб;14:57;8,25;2,25;14;57;33;9
2000006;МОСКВА БЕЛОРУССКАЯ;апрель;среда;раб;14:58;8,75;1,25;14;58;35;5
2000006;МОСКВА БЕЛОРУССКАЯ;апрель;среда;раб;14:59;9,25;1,5;14;59;37;6
2000006;МОСКВА БЕЛОРУССКАЯ;апрель;среда;раб;15:00;8,25;1,5;15;0;33;6
2000006;МОСКВА БЕЛОРУССКАЯ;апрель;среда;раб;15:01;10;0,75;15;1;40;3
2000006;МОСКВА БЕЛОРУССКАЯ;апрель;среда;раб;15:02;6,75;1,5;15;2;27;6
2000006;МОСКВА БЕЛОРУССКАЯ;апрель;среда;раб;15:03;9,5;0,25;15;3;38;1
2000006;МОСКВА БЕЛОРУССКАЯ;апрель;среда;раб;15:04;9,75;2;15;4;39;8
2000006;МОСКВА БЕЛОРУССКАЯ;апрель;среда;раб;15:05;10,75;4,25;15;5;43;17
2000006;МОСКВА БЕЛОРУССКАЯ;апрель;среда;раб;15:06;9,75;13,75;15;6;39;55
2000006;МОСКВА БЕЛОРУССКАЯ;апрель;среда;раб;15:07;12,25;12,75;15;7;49;51
2000006;МОСКВА БЕЛОРУССКАЯ;апрель;среда;раб;15:08;10,75;2,75;15;8;43;11
2000006;МОСКВА БЕЛОРУССКАЯ;апрель;среда;раб;15:09;14,75;1,5;15;9;59;6
2000006;МОСКВА БЕЛОРУССКАЯ;апрель;среда;раб;15:10;16,5;1;15;10;66;4
2000006;МОСКВА БЕЛОРУССКАЯ;апрель;среда;раб;15:11;20,25;0,75;15;11;81;3
2000006;МОСКВА БЕЛОРУССКАЯ;апрель;среда;раб;15:12;18,5;24;15;12;74;96
2000006;МОСКВА БЕЛОРУССКАЯ;апрель;среда;раб;15:13;18,75;62,5;15;13;75;250
2000006;МОСКВА БЕЛОРУССКАЯ;апрель;среда;раб;15:14;19,25;70,25;15;14;77;281
2000006;МОСКВА БЕЛОРУССКАЯ;апрель;среда;раб;15:15;23,5;30,25;15;15;94;121
2000006;МОСКВА БЕЛОРУССКАЯ;апрель;среда;раб;15:16;22,75;17;15;16;91;68
2000006;МОСКВА БЕЛОРУССКАЯ;апрель;среда;раб;15:17;26,25;13,25;15;17;105;53
2000006;МОСКВА БЕЛОРУССКАЯ;апрель;среда;раб;15:18;26,75;5;15;18;107;20
2000006;МОСКВА БЕЛОРУССКАЯ;апрель;среда;раб;15:19;21,75;1;15;19;87;4
2000006;МОСКВА БЕЛОРУССКАЯ;апрель;среда;раб;15:20;29,25;0,5;15;20;117;2
2000006;МОСКВА БЕЛОРУССКАЯ;апрель;среда;раб;15:21;27,25;0,5;15;21;109;2
2000006;МОСКВА БЕЛОРУССКАЯ;апрель;среда;раб;15:22;29,75;0,25;15;22;119;1
2000006;МОСКВА БЕЛОРУССКАЯ;апрель;среда;раб;15:23;27,75;11,5;15;23;111;46
2000006;МОСКВА БЕЛОРУССКАЯ;апрель;среда;раб;15:24;23,5;11;15;24;94;44
2000006;МОСКВА БЕЛОРУССКАЯ;апрель;среда;раб;15:25;24;11,75;15;25;96;47
2000006;МОСКВА БЕЛОРУССКАЯ;апрель;среда;раб;15:26;23,25;7,5;15;26;93;30
2000006;МОСКВА БЕЛОРУССКАЯ;апрель;среда;раб;15:27;26;6,25;15;27;104;25
2000006;МОСКВА БЕЛОРУССКАЯ;апрель;среда;раб;15:28;21;16;15;28;84;64
2000006;МОСКВА БЕЛОРУССКАЯ;апрель;среда;раб;15:29;26;10;15;29;104;40
2000006;МОСКВА БЕЛОРУССКАЯ;апрель;среда;раб;15:30;17,25;6,5;15;30;69;26
2000006;МОСКВА БЕЛОРУССКАЯ;апрель;среда;раб;15:31;16;17,5;15;31;64;70
2000006;МОСКВА БЕЛОРУССКАЯ;апрель;среда;раб;15:32;14;14,5;15;32;56;58
2000006;МОСКВА БЕЛОРУССКАЯ;апрель;среда;раб;15:33;14,25;23,5;15;33;57;94
2000006;МОСКВА БЕЛОРУССКАЯ;апрель;среда;раб;15:34;12,75;28,5;15;34;51;114
2000006;МОСКВА БЕЛОРУССКАЯ;апрель;среда;раб;15:35;15;40,25;15;35;60;161
2000006;МОСКВА БЕЛОРУССКАЯ;апрель;среда;раб;15:36;13,25;19,25;15;36;53;77
2000006;МОСКВА БЕЛОРУССКАЯ;апрель;среда;раб;15:37;13,25;5,75;15;37;53;23
2000006;МОСКВА БЕЛОРУССКАЯ;апрель;среда;раб;15:38;8,75;2,25;15;38;35;9
2000006;МОСКВА БЕЛОРУССКАЯ;апрель;среда;раб;15:39;11,25;1,25;15;39;45;5
2000006;МОСКВА БЕЛОРУССКАЯ;апрель;среда;раб;15:40;15;1,25;15;40;60;5
2000006;МОСКВА БЕЛОРУССКАЯ;апрель;среда;раб;15:41;14;1,75;15;41;56;7
2000006;МОСКВА БЕЛОРУССКАЯ;апрель;среда;раб;15:42;20,25;1;15;42;81;4
2000006;МОСКВА БЕЛОРУССКАЯ;апрель;среда;раб;15:43;17,75;1,5;15;43;71;6
2000006;МОСКВА БЕЛОРУССКАЯ;апрель;среда;раб;15:44;22,25;0,75;15;44;89;3
2000006;МОСКВА БЕЛОРУССКАЯ;апрель;среда;раб;15:45;25,25;1,5;15;45;101;6
2000006;МОСКВА БЕЛОРУССКАЯ;апрель;среда;раб;15:46;23,25;2;15;46;93;8
2000006;МОСКВА БЕЛОРУССКАЯ;апрель;среда;раб;15:47;21,5;1;15;47;86;4
2000006;МОСКВА БЕЛОРУССКАЯ;апрель;среда;раб;15:48;22,25;1,25;15;48;89;5
2000006;МОСКВА БЕЛОРУССКАЯ;апрель;среда;раб;15:49;26,5;0,25;15;49;106;1
2000006;МОСКВА БЕЛОРУССКАЯ;апрель;среда;раб;15:50;29,5;0;15;50;118;0
2000006;МОСКВА БЕЛОРУССКАЯ;апрель;среда;раб;15:51;24;0,75;15;51;96;3
2000006;МОСКВА БЕЛОРУССКАЯ;апрель;среда;раб;15:52;28,5;3,75;15;52;114;15
2000006;МОСКВА БЕЛОРУССКАЯ;апрель;среда;раб;15:53;25,75;2,5;15;53;103;10
2000006;МОСКВА БЕЛОРУССКАЯ;апрель;среда;раб;15:54;22;3,75;15;54;88;15
2000006;МОСКВА БЕЛОРУССКАЯ;апрель;среда;раб;15:55;18,5;3,25;15;55;74;13
2000006;МОСКВА БЕЛОРУССКАЯ;апрель;среда;раб;15:56;25,5;3,5;15;56;102;14
2000006;МОСКВА БЕЛОРУССКАЯ;апрель;среда;раб;15:57;21,75;1,75;15;57;87;7
2000006;МОСКВА БЕЛОРУССКАЯ;апрель;среда;раб;15:58;28,75;1;15;58;115;4
2000006;МОСКВА БЕЛОРУССКАЯ;апрель;среда;раб;15:59;30,5;1,25;15;59;122;5
2000006;МОСКВА БЕЛОРУССКАЯ;апрель;среда;раб;16:00;28,75;9;16;0;115;36
2000006;МОСКВА БЕЛОРУССКАЯ;апрель;среда;раб;16:01;28,75;17;16;1;115;68
2000006;МОСКВА БЕЛОРУССКАЯ;апрель;среда;раб;16:02;25,75;16;16;2;103;64
2000006;МОСКВА БЕЛОРУССКАЯ;апрель;среда;раб;16:03;27;7,5;16;3;108;30
2000006;МОСКВА БЕЛОРУССКАЯ;апрель;среда;раб;16:04;26,25;2;16;4;105;8
2000006;МОСКВА БЕЛОРУССКАЯ;апрель;среда;раб;16:05;25,75;2,25;16;5;103;9
2000006;МОСКВА БЕЛОРУССКАЯ;апрель;среда;раб;16:06;28,75;26,25;16;6;115;105
2000006;МОСКВА БЕЛОРУССКАЯ;апрель;среда;раб;16:07;23;38,25;16;7;92;153
2000006;МОСКВА БЕЛОРУССКАЯ;апрель;среда;раб;16:08;23,75;51,75;16;8;95;207
2000006;МОСКВА БЕЛОРУССКАЯ;апрель;среда;раб;16:09;21;29,5;16;9;84;118
2000006;МОСКВА БЕЛОРУССКАЯ;апрель;среда;раб;16:10;19,5;10,25;16;10;78;41
2000006;МОСКВА БЕЛОРУССКАЯ;апрель;среда;раб;16:11;18;14,25;16;11;72;57
2000006;МОСКВА БЕЛОРУССКАЯ;апрель;среда;раб;16:12;18,25;32;16;12;73;128
2000006;МОСКВА БЕЛОРУССКАЯ;апрель;среда;раб;16:13;15;25;16;13;60;100
2000006;МОСКВА БЕЛОРУССКАЯ;апрель;среда;раб;16:14;24,5;16;16;14;98;64
2000006;МОСКВА БЕЛОРУССКАЯ;апрель;среда;раб;16:15;20;10,25;16;15;80;41
2000006;МОСКВА БЕЛОРУССКАЯ;апрель;среда;раб;16:16;23,5;4;16;16;94;16
2000006;МОСКВА БЕЛОРУССКАЯ;апрель;среда;раб;16:17;24,5;1,5;16;17;98;6
2000006;МОСКВА БЕЛОРУССКАЯ;апрель;среда;раб;16:18;21;5;16;18;84;20
2000006;МОСКВА БЕЛОРУССКАЯ;апрель;среда;раб;16:19;19;8;16;19;76;32
2000006;МОСКВА БЕЛОРУССКАЯ;апрель;среда;раб;16:20;17,5;6,75;16;20;70;27
2000006;МОСКВА БЕЛОРУССКАЯ;апрель;среда;раб;16:21;11,5;7,5;16;21;46;30
2000006;МОСКВА БЕЛОРУССКАЯ;апрель;среда;раб;16:22;9,5;3,75;16;22;38;15
2000006;МОСКВА БЕЛОРУССКАЯ;апрель;среда;раб;16:23;7,5;5,5;16;23;30;22
2000006;МОСКВА БЕЛОРУССКАЯ;апрель;среда;раб;16:24;10,25;2,5;16;24;41;10
2000006;МОСКВА БЕЛОРУССКАЯ;апрель;среда;раб;16:25;7,75;2,5;16;25;31;10
2000006;МОСКВА БЕЛОРУССКАЯ;апрель;среда;раб;16:26;15,25;3;16;26;61;12
2000006;МОСКВА БЕЛОРУССКАЯ;апрель;среда;раб;16:27;11,25;1,25;16;27;45;5
2000006;МОСКВА БЕЛОРУССКАЯ;апрель;среда;раб;16:28;16,5;0,5;16;28;66;2
2000006;МОСКВА БЕЛОРУССКАЯ;апрель;среда;раб;16:29;20,25;0;16;29;81;0
2000006;МОСКВА БЕЛОРУССКАЯ;апрель;среда;раб;16:30;19,25;3,5;16;30;77;14
2000006;МОСКВА БЕЛОРУССКАЯ;апрель;среда;раб;16:31;19,5;24,75;16;31;78;99
2000006;МОСКВА БЕЛОРУССКАЯ;апрель;среда;раб;16:32;23,5;31,75;16;32;94;127
2000006;МОСКВА БЕЛОРУССКАЯ;апрель;среда;раб;16:33;25,75;24,5;16;33;103;98
2000006;МОСКВА БЕЛОРУССКАЯ;апрель;среда;раб;16:34;27;20,5;16;34;108;82
2000006;МОСКВА БЕЛОРУССКАЯ;апрель;среда;раб;16:35;29,75;15,5;16;35;119;62
2000006;МОСКВА БЕЛОРУССКАЯ;апрель;среда;раб;16:36;30,5;3,5;16;36;122;14
2000006;МОСКВА БЕЛОРУССКАЯ;апрель;среда;раб;16:37;28,5;2,5;16;37;114;10
2000006;МОСКВА БЕЛОРУССКАЯ;апрель;среда;раб;16:38;30,5;1;16;38;122;4
2000006;МОСКВА БЕЛОРУССКАЯ;апрель;среда;раб;16:39;35;0,75;16;39;140;3
2000006;МОСКВА БЕЛОРУССКАЯ;апрель;среда;раб;16:40;27,5;1,75;16;40;110;7
2000006;МОСКВА БЕЛОРУССКАЯ;апрель;среда;раб;16:41;27,75;17,75;16;41;111;71
2000006;МОСКВА БЕЛОРУССКАЯ;апрель;среда;раб;16:42;30,25;15,25;16;42;121;61
2000006;МОСКВА БЕЛОРУССКАЯ;апрель;среда;раб;16:43;23,75;12,25;16;43;95;49
2000006;МОСКВА БЕЛОРУССКАЯ;апрель;среда;раб;16:44;27,75;5;16;44;111;20
2000006;МОСКВА БЕЛОРУССКАЯ;апрель;среда;раб;16:45;33,25;3,25;16;45;133;13
2000006;МОСКВА БЕЛОРУССКАЯ;апрель;среда;раб;16:46;32,75;2,75;16;46;131;11
2000006;МОСКВА БЕЛОРУССКАЯ;апрель;среда;раб;16:47;30;1,25;16;47;120;5
2000006;МОСКВА БЕЛОРУССКАЯ;апрель;среда;раб;16:48;28;1,75;16;48;112;7
2000006;МОСКВА БЕЛОРУССКАЯ;апрель;среда;раб;16:49;29;10,25;16;49;116;41
2000006;МОСКВА БЕЛОРУССКАЯ;апрель;среда;раб;16:50;39;10;16;50;156;40
2000006;МОСКВА БЕЛОРУССКАЯ;апрель;среда;раб;16:51;35,25;8,75;16;51;141;35
2000006;МОСКВА БЕЛОРУССКАЯ;апрель;среда;раб;16:52;35,25;3,25;16;52;141;13
2000006;МОСКВА БЕЛОРУССКАЯ;апрель;среда;раб;16:53;38;3,25;16;53;152;13
2000006;МОСКВА БЕЛОРУССКАЯ;апрель;среда;раб;16:54;42;1;16;54;168;4
2000006;МОСКВА БЕЛОРУССКАЯ;апрель;среда;раб;16:55;36,25;2;16;55;145;8
2000006;МОСКВА БЕЛОРУССКАЯ;апрель;среда;раб;16:56;33,25;12,75;16;56;133;51
2000006;МОСКВА БЕЛОРУССКАЯ;апрель;среда;раб;16:57;39,25;18,75;16;57;157;75
2000006;МОСКВА БЕЛОРУССКАЯ;апрель;среда;раб;16:58;38,25;14,5;16;58;153;58
2000006;МОСКВА БЕЛОРУССКАЯ;апрель;среда;раб;16:59;35;10,25;16;59;140;41
2000006;МОСКВА БЕЛОРУССКАЯ;апрель;среда;раб;17:00;26,25;5;17;0;105;20
2000006;МОСКВА БЕЛОРУССКАЯ;апрель;среда;раб;17:01;29,75;1;17;1;119;4
2000006;МОСКВА БЕЛОРУССКАЯ;апрель;среда;раб;17:02;30,75;0,25;17;2;123;1
2000006;МОСКВА БЕЛОРУССКАЯ;апрель;среда;раб;17:03;29;1,25;17;3;116;5
2000006;МОСКВА БЕЛОРУССКАЯ;апрель;среда;раб;17:04;21;1;17;4;84;4
2000006;МОСКВА БЕЛОРУССКАЯ;апрель;среда;раб;17:05;22,25;0,25;17;5;89;1
2000006;МОСКВА БЕЛОРУССКАЯ;апрель;среда;раб;17:06;12,25;3;17;6;49;12
2000006;МОСКВА БЕЛОРУССКАЯ;апрель;среда;раб;17:07;13,25;26,75;17;7;53;107
2000006;МОСКВА БЕЛОРУССКАЯ;апрель;среда;раб;17:08;13,5;24;17;8;54;96
2000006;МОСКВА БЕЛОРУССКАЯ;апрель;среда;раб;17:09;20,75;7;17;9;83;28
2000006;МОСКВА БЕЛОРУССКАЯ;апрель;среда;раб;17:10;20,25;6,5;17;10;81;26
2000006;МОСКВА БЕЛОРУССКАЯ;апрель;среда;раб;17:11;19,75;1,5;17;11;79;6
2000006;МОСКВА БЕЛОРУССКАЯ;апрель;среда;раб;17:12;20,5;1,5;17;12;82;6
2000006;МОСКВА БЕЛОРУССКАЯ;апрель;среда;раб;17:13;28,25;1,25;17;13;113;5
2000006;МОСКВА БЕЛОРУССКАЯ;апрель;среда;раб;17:14;25;1;17;14;100;4
2000006;МОСКВА БЕЛОРУССКАЯ;апрель;среда;раб;17:15;34;0,5;17;15;136;2
2000006;МОСКВА БЕЛОРУССКАЯ;апрель;среда;раб;17:16;32;1,25;17;16;128;5
2000006;МОСКВА БЕЛОРУССКАЯ;апрель;среда;раб;17:17;37,75;0,25;17;17;151;1
2000006;МОСКВА БЕЛОРУССКАЯ;апрель;среда;раб;17:18;45,5;0,5;17;18;182;2
2000006;МОСКВА БЕЛОРУССКАЯ;апрель;среда;раб;17:19;52,25;0,5;17;19;209;2
2000006;МОСКВА БЕЛОРУССКАЯ;апрель;среда;раб;17:20;48,25;0,5;17;20;193;2
2000006;МОСКВА БЕЛОРУССКАЯ;апрель;среда;раб;17:21;55;12,75;17;21;220;51
2000006;МОСКВА БЕЛОРУССКАЯ;апрель;среда;раб;17:22;54,25;29,25;17;22;217;117
2000006;МОСКВА БЕЛОРУССКАЯ;апрель;среда;раб;17:23;60,5;45;17;23;242;180
2000006;МОСКВА БЕЛОРУССКАЯ;апрель;среда;раб;17:24;53;20,5;17;24;212;82
2000006;МОСКВА БЕЛОРУССКАЯ;апрель;среда;раб;17:25;50,5;9;17;25;202;36
2000006;МОСКВА БЕЛОРУССКАЯ;апрель;среда;раб;17:26;50,75;5,75;17;26;203;23
2000006;МОСКВА БЕЛОРУССКАЯ;апрель;среда;раб;17:27;49,5;5,25;17;27;198;21
2000006;МОСКВА БЕЛОРУССКАЯ;апрель;среда;раб;17:28;57,75;2;17;28;231;8
2000006;МОСКВА БЕЛОРУССКАЯ;апрель;среда;раб;17:29;63,25;1;17;29;253;4
2000006;МОСКВА БЕЛОРУССКАЯ;апрель;среда;раб;17:30;70,5;14,5;17;30;282;58
2000006;МОСКВА БЕЛОРУССКАЯ;апрель;среда;раб;17:31;62,5;16,25;17;31;250;65
2000006;МОСКВА БЕЛОРУССКАЯ;апрель;среда;раб;17:32;66,5;11;17;32;266;44
2000006;МОСКВА БЕЛОРУССКАЯ;апрель;среда;раб;17:33;63,25;5,5;17;33;253;22
2000006;МОСКВА БЕЛОРУССКАЯ;апрель;среда;раб;17:34;58,25;4,5;17;34;233;18
2000006;МОСКВА БЕЛОРУССКАЯ;апрель;среда;раб;17:35;58,25;6,75;17;35;233;27
2000006;МОСКВА БЕЛОРУССКАЯ;апрель;среда;раб;17:36;51,25;13;17;36;205;52
2000006;МОСКВА БЕЛОРУССКАЯ;апрель;среда;раб;17:37;53,75;10;17;37;215;40
2000006;МОСКВА БЕЛОРУССКАЯ;апрель;среда;раб;17:38;59,5;5,25;17;38;238;21
2000006;МОСКВА БЕЛОРУССКАЯ;апрель;среда;раб;17:39;49,75;2;17;39;199;8
2000006;МОСКВА БЕЛОРУССКАЯ;апрель;среда;раб;17:40;47,5;1,5;17;40;190;6
2000006;МОСКВА БЕЛОРУССКАЯ;апрель;среда;раб;17:41;40,5;2,25;17;41;162;9
2000006;МОСКВА БЕЛОРУССКАЯ;апрель;среда;раб;17:42;39,5;24;17;42;158;96
2000006;МОСКВА БЕЛОРУССКАЯ;апрель;среда;раб;17:43;45,25;39,25;17;43;181;157
2000006;МОСКВА БЕЛОРУССКАЯ;апрель;среда;раб;17:44;45,75;28,25;17;44;183;113
2000006;МОСКВА БЕЛОРУССКАЯ;апрель;среда;раб;17:45;52,25;16,5;17;45;209;66
2000006;МОСКВА БЕЛОРУССКАЯ;апрель;среда;раб;17:46;40,5;6;17;46;162;24
2000006;МОСКВА БЕЛОРУССКАЯ;апрель;среда;раб;17:47;43;5,5;17;47;172;22
2000006;МОСКВА БЕЛОРУССКАЯ;апрель;среда;раб;17:48;36,5;14;17;48;146;56
2000006;МОСКВА БЕЛОРУССКАЯ;апрель;среда;раб;17:49;44,5;10,5;17;49;178;42
2000006;МОСКВА БЕЛОРУССКАЯ;апрель;среда;раб;17:50;56,75;6;17;50;227;24
2000006;МОСКВА БЕЛОРУССКАЯ;апрель;среда;раб;17:51;59,75;4,5;17;51;239;18
2000006;МОСКВА БЕЛОРУССКАЯ;апрель;среда;раб;17:52;62;2,25;17;52;248;9
2000006;МОСКВА БЕЛОРУССКАЯ;апрель;среда;раб;17:53;62,25;22,75;17;53;249;91
2000006;МОСКВА БЕЛОРУССКАЯ;апрель;среда;раб;17:54;66,25;36,25;17;54;265;145
2000006;МОСКВА БЕЛОРУССКАЯ;апрель;среда;раб;17:55;65,5;34,25;17;55;262;137
2000006;МОСКВА БЕЛОРУССКАЯ;апрель;среда;раб;17:56;63,25;28,25;17;56;253;113
2000006;МОСКВА БЕЛОРУССКАЯ;апрель;среда;раб;17:57;61,25;12,25;17;57;245;49
2000006;МОСКВА БЕЛОРУССКАЯ;апрель;среда;раб;17:58;64,5;9,75;17;58;258;39
2000006;МОСКВА БЕЛОРУССКАЯ;апрель;среда;раб;17:59;56;3,5;17;59;224;14
2000006;МОСКВА БЕЛОРУССКАЯ;апрель;среда;раб;18:00;52,25;6,25;18;0;209;25
2000006;МОСКВА БЕЛОРУССКАЯ;апрель;среда;раб;18:01;57;10,75;18;1;228;43
2000006;МОСКВА БЕЛОРУССКАЯ;апрель;среда;раб;18:02;52,25;25,5;18;2;209;102
2000006;МОСКВА БЕЛОРУССКАЯ;апрель;среда;раб;18:03;60,25;48,75;18;3;241;195
2000006;МОСКВА БЕЛОРУССКАЯ;апрель;среда;раб;18:04;66,5;29,75;18;4;266;119
2000006;МОСКВА БЕЛОРУССКАЯ;апрель;среда;раб;18:05;59;11,25;18;5;236;45
2000006;МОСКВА БЕЛОРУССКАЯ;апрель;среда;раб;18:06;70,5;6,75;18;6;282;27
2000006;МОСКВА БЕЛОРУССКАЯ;апрель;среда;раб;18:07;53,5;4,5;18;7;214;18
2000006;МОСКВА БЕЛОРУССКАЯ;апрель;среда;раб;18:08;65,25;1,5;18;8;261;6
2000006;МОСКВА БЕЛОРУССКАЯ;апрель;среда;раб;18:09;61,75;0,75;18;9;247;3
2000006;МОСКВА БЕЛОРУССКАЯ;апрель;среда;раб;18:10;70,5;1,5;18;10;282;6
2000006;МОСКВА БЕЛОРУССКАЯ;апрель;среда;раб;18:11;68,5;0,75;18;11;274;3
2000006;МОСКВА БЕЛОРУССКАЯ;апрель;среда;раб;18:12;65,75;0,5;18;12;263;2
2000006;МОСКВА БЕЛОРУССКАЯ;апрель;среда;раб;18:13;56,75;16,75;18;13;227;67
2000006;МОСКВА БЕЛОРУССКАЯ;апрель;среда;раб;18:14;46;18;18;14;184;72
2000006;МОСКВА БЕЛОРУССКАЯ;апрель;среда;раб;18:15;38,5;4,25;18;15;154;17
2000006;МОСКВА БЕЛОРУССКАЯ;апрель;среда;раб;18:16;38,75;0,75;18;16;155;3
2000006;МОСКВА БЕЛОРУССКАЯ;апрель;среда;раб;18:17;36,5;12,25;18;17;146;49
2000006;МОСКВА БЕЛОРУССКАЯ;апрель;среда;раб;18:18;41;18;18;18;164;72
2000006;МОСКВА БЕЛОРУССКАЯ;апрель;среда;раб;18:19;43,25;25,75;18;19;173;103
2000006;МОСКВА БЕЛОРУССКАЯ;апрель;среда;раб;18:20;43;25;18;20;172;100
2000006;МОСКВА БЕЛОРУССКАЯ;апрель;среда;раб;18:21;48;17,25;18;21;192;69
2000006;МОСКВА БЕЛОРУССКАЯ;апрель;среда;раб;18:22;59,25;12,5;18;22;237;50
2000006;МОСКВА БЕЛОРУССКАЯ;апрель;среда;раб;18:23;69,25;3,5;18;23;277;14
2000006;МОСКВА БЕЛОРУССКАЯ;апрель;среда;раб;18:24;68,25;1,75;18;24;273;7
2000006;МОСКВА БЕЛОРУССКАЯ;апрель;среда;раб;18:25;73;0,75;18;25;292;3
2000006;МОСКВА БЕЛОРУССКАЯ;апрель;среда;раб;18:26;78,75;0,75;18;26;315;3
2000006;МОСКВА БЕЛОРУССКАЯ;апрель;среда;раб;18:27;80;1,25;18;27;320;5
2000006;МОСКВА БЕЛОРУССКАЯ;апрель;среда;раб;18:28;76,5;9;18;28;306;36
2000006;МОСКВА БЕЛОРУССКАЯ;апрель;среда;раб;18:29;80,25;9,75;18;29;321;39
2000006;МОСКВА БЕЛОРУССКАЯ;апрель;среда;раб;18:30;81,25;1,25;18;30;325;5
2000006;МОСКВА БЕЛОРУССКАЯ;апрель;среда;раб;18:31;63,75;5,75;18;31;255;23
2000006;МОСКВА БЕЛОРУССКАЯ;апрель;среда;раб;18:32;81,75;3,25;18;32;327;13
2000006;МОСКВА БЕЛОРУССКАЯ;апрель;среда;раб;18:33;71;0,75;18;33;284;3
2000006;МОСКВА БЕЛОРУССКАЯ;апрель;среда;раб;18:34;70,5;4;18;34;282;16
2000006;МОСКВА БЕЛОРУССКАЯ;апрель;среда;раб;18:35;72,25;2,25;18;35;289;9
2000006;МОСКВА БЕЛОРУССКАЯ;апрель;среда;раб;18:36;72,75;1,25;18;36;291;5
2000006;МОСКВА БЕЛОРУССКАЯ;апрель;среда;раб;18:37;78,5;12;18;37;314;48
2000006;МОСКВА БЕЛОРУССКАЯ;апрель;среда;раб;18:38;88,25;34,75;18;38;353;139
2000006;МОСКВА БЕЛОРУССКАЯ;апрель;среда;раб;18:39;85,75;47;18;39;343;188
2000006;МОСКВА БЕЛОРУССКАЯ;апрель;среда;раб;18:40;96,5;30,5;18;40;386;122
2000006;МОСКВА БЕЛОРУССКАЯ;апрель;среда;раб;18:41;87;20;18;41;348;80
2000006;МОСКВА БЕЛОРУССКАЯ;апрель;среда;раб;18:42;102;23,75;18;42;408;95
2000006;МОСКВА БЕЛОРУССКАЯ;апрель;среда;раб;18:43;86,5;23,75;18;43;346;95
2000006;МОСКВА БЕЛОРУССКАЯ;апрель;среда;раб;18:44;86;10,25;18;44;344;41
2000006;МОСКВА БЕЛОРУССКАЯ;апрель;среда;раб;18:45;83;11,25;18;45;332;45
2000006;МОСКВА БЕЛОРУССКАЯ;апрель;среда;раб;18:46;71;4,5;18;46;284;18
2000006;МОСКВА БЕЛОРУССКАЯ;апрель;среда;раб;18:47;60,25;3;18;47;241;12
2000006;МОСКВА БЕЛОРУССКАЯ;апрель;среда;раб;18:48;66,25;3,5;18;48;265;14
2000006;МОСКВА БЕЛОРУССКАЯ;апрель;среда;раб;18:49;70;2,25;18;49;280;9
2000006;МОСКВА БЕЛОРУССКАЯ;апрель;среда;раб;18:50;67,75;1,5;18;50;271;6
2000006;МОСКВА БЕЛОРУССКАЯ;апрель;среда;раб;18:51;71,5;2,25;18;51;286;9
2000006;МОСКВА БЕЛОРУССКАЯ;апрель;среда;раб;18:52;70;9,75;18;52;280;39
2000006;МОСКВА БЕЛОРУССКАЯ;апрель;среда;раб;18:53;83,75;12,5;18;53;335;50
2000006;МОСКВА БЕЛОРУССКАЯ;апрель;среда;раб;18:54;74,75;20,75;18;54;299;83
2000006;МОСКВА БЕЛОРУССКАЯ;апрель;среда;раб;18:55;79,75;10,5;18;55;319;42
2000006;МОСКВА БЕЛОРУССКАЯ;апрель;среда;раб;18:56;87,75;6,75;18;56;351;27
2000006;МОСКВА БЕЛОРУССКАЯ;апрель;среда;раб;18:57;79,5;6,25;18;57;318;25
2000006;МОСКВА БЕЛОРУССКАЯ;апрель;среда;раб;18:58;83,5;2,25;18;58;334;9
2000006;МОСКВА БЕЛОРУССКАЯ;апрель;среда;раб;18:59;77;1,5;18;59;308;6
2000006;МОСКВА БЕЛОРУССКАЯ;апрель;среда;раб;19:00;79;1,25;19;0;316;5
2000006;МОСКВА БЕЛОРУССКАЯ;апрель;среда;раб;19:01;77,25;1,75;19;1;309;7
2000006;МОСКВА БЕЛОРУССКАЯ;апрель;среда;раб;19:02;72,25;2,25;19;2;289;9
2000006;МОСКВА БЕЛОРУССКАЯ;апрель;среда;раб;19:03;73;1,75;19;3;292;7
2000006;МОСКВА БЕЛОРУССКАЯ;апрель;среда;раб;19:04;51,5;1;19;4;206;4
2000006;МОСКВА БЕЛОРУССКАЯ;апрель;среда;раб;19:05;54,5;3;19;5;218;12
2000006;МОСКВА БЕЛОРУССКАЯ;апрель;среда;раб;19:06;48,75;9,75;19;6;195;39
2000006;МОСКВА БЕЛОРУССКАЯ;апрель;среда;раб;19:07;45,5;52,25;19;7;182;209
2000006;МОСКВА БЕЛОРУССКАЯ;апрель;среда;раб;19:08;43,25;57,25;19;8;173;229
2000006;МОСКВА БЕЛОРУССКАЯ;апрель;среда;раб;19:09;52;27,5;19;9;208;110
2000006;МОСКВА БЕЛОРУССКАЯ;апрель;среда;раб;19:10;46,5;9,75;19;10;186;39
2000006;МОСКВА БЕЛОРУССКАЯ;апрель;среда;раб;19:11;44,25;4,5;19;11;177;18
2000006;МОСКВА БЕЛОРУССКАЯ;апрель;среда;раб;19:12;46,5;3;19;12;186;12
2000006;МОСКВА БЕЛОРУССКАЯ;апрель;среда;раб;19:13;42,25;3;19;13;169;12
2000006;МОСКВА БЕЛОРУССКАЯ;апрель;среда;раб;19:14;39,5;0,25;19;14;158;1
2000006;МОСКВА БЕЛОРУССКАЯ;апрель;среда;раб;19:15;37,75;18,5;19;15;151;74
2000006;МОСКВА БЕЛОРУССКАЯ;апрель;среда;раб;19:16;33,75;29,75;19;16;135;119
2000006;МОСКВА БЕЛОРУССКАЯ;апрель;среда;раб;19:17;25;27,25;19;17;100;109
2000006;МОСКВА БЕЛОРУССКАЯ;апрель;среда;раб;19:18;25,5;19;19;18;102;76
2000006;МОСКВА БЕЛОРУССКАЯ;апрель;среда;раб;19:19;16,75;9,25;19;19;67;37
2000006;МОСКВА БЕЛОРУССКАЯ;апрель;среда;раб;19:20;9,75;3,75;19;20;39;15
2000006;МОСКВА БЕЛОРУССКАЯ;апрель;среда;раб;19:21;12;2;19;21;48;8
2000006;МОСКВА БЕЛОРУССКАЯ;апрель;среда;раб;19:22;16,75;11,5;19;22;67;46
2000006;МОСКВА БЕЛОРУССКАЯ;апрель;среда;раб;19:23;17,5;17,75;19;23;70;71
2000006;МОСКВА БЕЛОРУССКАЯ;апрель;среда;раб;19:24;19,25;23,5;19;24;77;94
2000006;МОСКВА БЕЛОРУССКАЯ;апрель;среда;раб;19:25;21,5;30,75;19;25;86;123
2000006;МОСКВА БЕЛОРУССКАЯ;апрель;среда;раб;19:26;24;37;19;26;96;148
2000006;МОСКВА БЕЛОРУССКАЯ;апрель;среда;раб;19:27;21,5;21,25;19;27;86;85
2000006;МОСКВА БЕЛОРУССКАЯ;апрель;среда;раб;19:28;31,25;12,75;19;28;125;51
2000006;МОСКВА БЕЛОРУССКАЯ;апрель;среда;раб;19:29;30,5;28;19;29;122;112
2000006;МОСКВА БЕЛОРУССКАЯ;апрель;среда;раб;19:30;33,5;9,5;19;30;134;38
2000006;МОСКВА БЕЛОРУССКАЯ;апрель;среда;раб;19:31;33,5;17;19;31;134;68
2000006;МОСКВА БЕЛОРУССКАЯ;апрель;среда;раб;19:32;37,75;14,75;19;32;151;59
2000006;МОСКВА БЕЛОРУССКАЯ;апрель;среда;раб;19:33;41,75;6,25;19;33;167;25
2000006;МОСКВА БЕЛОРУССКАЯ;апрель;среда;раб;19:34;41,25;4,25;19;34;165;17
2000006;МОСКВА БЕЛОРУССКАЯ;апрель;среда;раб;19:35;45;3,75;19;35;180;15
2000006;МОСКВА БЕЛОРУССКАЯ;апрель;среда;раб;19:36;48,25;0,75;19;36;193;3
2000006;МОСКВА БЕЛОРУССКАЯ;апрель;среда;раб;19:37;45,5;7,75;19;37;182;31
2000006;МОСКВА БЕЛОРУССКАЯ;апрель;среда;раб;19:38;48,25;20;19;38;193;80
2000006;МОСКВА БЕЛОРУССКАЯ;апрель;среда;раб;19:39;46,75;19,25;19;39;187;77
2000006;МОСКВА БЕЛОРУССКАЯ;апрель;среда;раб;19:40;36,75;12,25;19;40;147;49
2000006;МОСКВА БЕЛОРУССКАЯ;апрель;среда;раб;19:41;46;6,5;19;41;184;26
2000006;МОСКВА БЕЛОРУССКАЯ;апрель;среда;раб;19:42;38,25;5,25;19;42;153;21
2000006;МОСКВА БЕЛОРУССКАЯ;апрель;среда;раб;19:43;46,5;6,75;19;43;186;27
2000006;МОСКВА БЕЛОРУССКАЯ;апрель;среда;раб;19:44;49,25;16,75;19;44;197;67
2000006;МОСКВА БЕЛОРУССКАЯ;апрель;среда;раб;19:45;46,75;44,5;19;45;187;178
2000006;МОСКВА БЕЛОРУССКАЯ;апрель;среда;раб;19:46;44,75;28;19;46;179;112
2000006;МОСКВА БЕЛОРУССКАЯ;апрель;среда;раб;19:47;39,75;17;19;47;159;68
2000006;МОСКВА БЕЛОРУССКАЯ;апрель;среда;раб;19:48;42,75;7,5;19;48;171;30
2000006;МОСКВА БЕЛОРУССКАЯ;апрель;среда;раб;19:49;28,75;2,75;19;49;115;11
2000006;МОСКВА БЕЛОРУССКАЯ;апрель;среда;раб;19:50;31,25;2,5;19;50;125;10
2000006;МОСКВА БЕЛОРУССКАЯ;апрель;среда;раб;19:51;27,25;1,75;19;51;109;7
2000006;МОСКВА БЕЛОРУССКАЯ;апрель;среда;раб;19:52;38;2,5;19;52;152;10
2000006;МОСКВА БЕЛОРУССКАЯ;апрель;среда;раб;19:53;37,25;1;19;53;149;4
2000006;МОСКВА БЕЛОРУССКАЯ;апрель;среда;раб;19:54;41,25;1;19;54;165;4
2000006;МОСКВА БЕЛОРУССКАЯ;апрель;среда;раб;19:55;38,75;0,25;19;55;155;1
2000006;МОСКВА БЕЛОРУССКАЯ;апрель;среда;раб;19:56;38,75;0,25;19;56;155;1
2000006;МОСКВА БЕЛОРУССКАЯ;апрель;среда;раб;19:57;43,25;1,25;19;57;173;5
2000006;МОСКВА БЕЛОРУССКАЯ;апрель;среда;раб;19:58;37,25;1,75;19;58;149;7
2000006;МОСКВА БЕЛОРУССКАЯ;апрель;среда;раб;19:59;47,5;1,5;19;59;190;6
2000006;МОСКВА БЕЛОРУССКАЯ;апрель;среда;раб;20:00;49,5;0,5;20;0;198;2
2000006;МОСКВА БЕЛОРУССКАЯ;апрель;среда;раб;20:01;47,5;0,75;20;1;190;3
2000006;МОСКВА БЕЛОРУССКАЯ;апрель;среда;раб;20:02;36,25;0;20;2;145;0
2000006;МОСКВА БЕЛОРУССКАЯ;апрель;среда;раб;20:03;38,25;7,75;20;3;153;31
2000006;МОСКВА БЕЛОРУССКАЯ;апрель;среда;раб;20:04;34,5;14,75;20;4;138;59
2000006;МОСКВА БЕЛОРУССКАЯ;апрель;среда;раб;20:05;35,5;13,5;20;5;142;54
2000006;МОСКВА БЕЛОРУССКАЯ;апрель;среда;раб;20:06;29;8,75;20;6;116;35
2000006;МОСКВА БЕЛОРУССКАЯ;апрель;среда;раб;20:07;34,25;4,75;20;7;137;19
2000006;МОСКВА БЕЛОРУССКАЯ;апрель;среда;раб;20:08;30,75;4;20;8;123;16
2000006;МОСКВА БЕЛОРУССКАЯ;апрель;среда;раб;20:09;35,5;1,5;20;9;142;6
2000006;МОСКВА БЕЛОРУССКАЯ;апрель;среда;раб;20:10;29,25;4,75;20;10;117;19
2000006;МОСКВА БЕЛОРУССКАЯ;апрель;среда;раб;20:11;22,75;4,75;20;11;91;19
2000006;МОСКВА БЕЛОРУССКАЯ;апрель;среда;раб;20:12;27,75;8;20;12;111;32
2000006;МОСКВА БЕЛОРУССКАЯ;апрель;среда;раб;20:13;25;6,25;20;13;100;25
2000006;МОСКВА БЕЛОРУССКАЯ;апрель;среда;раб;20:14;34,5;7;20;14;138;28
2000006;МОСКВА БЕЛОРУССКАЯ;апрель;среда;раб;20:15;26;1,75;20;15;104;7
2000006;МОСКВА БЕЛОРУССКАЯ;апрель;среда;раб;20:16;30,75;2;20;16;123;8
2000006;МОСКВА БЕЛОРУССКАЯ;апрель;среда;раб;20:17;23;3;20;17;92;12
2000006;МОСКВА БЕЛОРУССКАЯ;апрель;среда;раб;20:18;24,25;7,25;20;18;97;29
2000006;МОСКВА БЕЛОРУССКАЯ;апрель;среда;раб;20:19;27;11,5;20;19;108;46
2000006;МОСКВА БЕЛОРУССКАЯ;апрель;среда;раб;20:20;30,25;6;20;20;121;24
2000006;МОСКВА БЕЛОРУССКАЯ;апрель;среда;раб;20:21;32,25;9,5;20;21;129;38
2000006;МОСКВА БЕЛОРУССКАЯ;апрель;среда;раб;20:22;28,25;17,5;20;22;113;70
2000006;МОСКВА БЕЛОРУССКАЯ;апрель;среда;раб;20:23;26,75;11,25;20;23;107;45
2000006;МОСКВА БЕЛОРУССКАЯ;апрель;среда;раб;20:24;31,5;14,5;20;24;126;58
2000006;МОСКВА БЕЛОРУССКАЯ;апрель;среда;раб;20:25;27,5;10,25;20;25;110;41
2000006;МОСКВА БЕЛОРУССКАЯ;апрель;среда;раб;20:26;32,75;6;20;26;131;24
2000006;МОСКВА БЕЛОРУССКАЯ;апрель;среда;раб;20:27;32,25;4;20;27;129;16
2000006;МОСКВА БЕЛОРУССКАЯ;апрель;среда;раб;20:28;24,5;2,5;20;28;98;10
2000006;МОСКВА БЕЛОРУССКАЯ;апрель;среда;раб;20:29;24;3,25;20;29;96;13
2000006;МОСКВА БЕЛОРУССКАЯ;апрель;среда;раб;20:30;21,75;0,25;20;30;87;1
2000006;МОСКВА БЕЛОРУССКАЯ;апрель;среда;раб;20:31;19,25;2,5;20;31;77;10
2000006;МОСКВА БЕЛОРУССКАЯ;апрель;среда;раб;20:32;23,75;8,75;20;32;95;35
2000006;МОСКВА БЕЛОРУССКАЯ;апрель;среда;раб;20:33;24,75;9,75;20;33;99;39
2000006;МОСКВА БЕЛОРУССКАЯ;апрель;среда;раб;20:34;23;11,25;20;34;92;45
2000006;МОСКВА БЕЛОРУССКАЯ;апрель;среда;раб;20:35;14,25;7,25;20;35;57;29
2000006;МОСКВА БЕЛОРУССКАЯ;апрель;среда;раб;20:36;12,75;0,5;20;36;51;2
2000006;МОСКВА БЕЛОРУССКАЯ;апрель;среда;раб;20:37;11;1;20;37;44;4
2000006;МОСКВА БЕЛОРУССКАЯ;апрель;среда;раб;20:38;9,5;0,5;20;38;38;2
2000006;МОСКВА БЕЛОРУССКАЯ;апрель;среда;раб;20:39;8,5;4,25;20;39;34;17
2000006;МОСКВА БЕЛОРУССКАЯ;апрель;среда;раб;20:40;8,5;7;20;40;34;28
2000006;МОСКВА БЕЛОРУССКАЯ;апрель;среда;раб;20:41;12,75;3,25;20;41;51;13
2000006;МОСКВА БЕЛОРУССКАЯ;апрель;среда;раб;20:42;14,25;2,25;20;42;57;9
2000006;МОСКВА БЕЛОРУССКАЯ;апрель;среда;раб;20:43;12,25;1;20;43;49;4
2000006;МОСКВА БЕЛОРУССКАЯ;апрель;среда;раб;20:44;17,75;1;20;44;71;4
2000006;МОСКВА БЕЛОРУССКАЯ;апрель;среда;раб;20:45;21;0,75;20;45;84;3
2000006;МОСКВА БЕЛОРУССКАЯ;апрель;среда;раб;20:46;26;0;20;46;104;0
2000006;МОСКВА БЕЛОРУССКАЯ;апрель;среда;раб;20:47;27,75;0;20;47;111;0
2000006;МОСКВА БЕЛОРУССКАЯ;апрель;среда;раб;20:48;26;0;20;48;104;0
2000006;МОСКВА БЕЛОРУССКАЯ;апрель;среда;раб;20:49;23,5;3,75;20;49;94;15
2000006;МОСКВА БЕЛОРУССКАЯ;апрель;среда;раб;20:50;17,75;2,25;20;50;71;9
2000006;МОСКВА БЕЛОРУССКАЯ;апрель;среда;раб;20:51;15,25;1,25;20;51;61;5
2000006;МОСКВА БЕЛОРУССКАЯ;апрель;среда;раб;20:52;10,25;4,5;20;52;41;18
2000006;МОСКВА БЕЛОРУССКАЯ;апрель;среда;раб;20:53;14,5;2;20;53;58;8
2000006;МОСКВА БЕЛОРУССКАЯ;апрель;среда;раб;20:54;9,75;1,5;20;54;39;6
2000006;МОСКВА БЕЛОРУССКАЯ;апрель;среда;раб;20:55;8,75;1;20;55;35;4
2000006;МОСКВА БЕЛОРУССКАЯ;апрель;среда;раб;20:56;9;7,75;20;56;36;31
2000006;МОСКВА БЕЛОРУССКАЯ;апрель;среда;раб;20:57;7;11,5;20;57;28;46
2000006;МОСКВА БЕЛОРУССКАЯ;апрель;среда;раб;20:58;7,75;3,75;20;58;31;15
2000006;МОСКВА БЕЛОРУССКАЯ;апрель;среда;раб;20:59;6,5;1,25;20;59;26;5
2000006;МОСКВА БЕЛОРУССКАЯ;апрель;среда;раб;21:00;7;1,5;21;0;28;6
2000006;МОСКВА БЕЛОРУССКАЯ;апрель;среда;раб;21:01;8,25;0,75;21;1;33;3
2000006;МОСКВА БЕЛОРУССКАЯ;апрель;среда;раб;21:02;10;0,5;21;2;40;2
2000006;МОСКВА БЕЛОРУССКАЯ;апрель;среда;раб;21:03;8,25;1,75;21;3;33;7
2000006;МОСКВА БЕЛОРУССКАЯ;апрель;среда;раб;21:04;11,25;5,25;21;4;45;21
2000006;МОСКВА БЕЛОРУССКАЯ;апрель;среда;раб;21:05;12,25;2,75;21;5;49;11
2000006;МОСКВА БЕЛОРУССКАЯ;апрель;среда;раб;21:06;7,75;1,5;21;6;31;6
2000006;МОСКВА БЕЛОРУССКАЯ;апрель;среда;раб;21:07;11,75;1,75;21;7;47;7
2000006;МОСКВА БЕЛОРУССКАЯ;апрель;среда;раб;21:08;12,75;0,75;21;8;51;3
2000006;МОСКВА БЕЛОРУССКАЯ;апрель;среда;раб;21:09;12,75;0,5;21;9;51;2
2000006;МОСКВА БЕЛОРУССКАЯ;апрель;среда;раб;21:10;11,75;12,75;21;10;47;51
2000006;МОСКВА БЕЛОРУССКАЯ;апрель;среда;раб;21:11;18,5;6,25;21;11;74;25
2000006;МОСКВА БЕЛОРУССКАЯ;апрель;среда;раб;21:12;16,75;11;21;12;67;44
2000006;МОСКВА БЕЛОРУССКАЯ;апрель;среда;раб;21:13;20;3,25;21;13;80;13
2000006;МОСКВА БЕЛОРУССКАЯ;апрель;среда;раб;21:14;18,5;3,25;21;14;74;13
2000006;МОСКВА БЕЛОРУССКАЯ;апрель;среда;раб;21:15;20;4,75;21;15;80;19
2000006;МОСКВА БЕЛОРУССКАЯ;апрель;среда;раб;21:16;17,25;6,5;21;16;69;26
2000006;МОСКВА БЕЛОРУССКАЯ;апрель;среда;раб;21:17;14,25;8;21;17;57;32
2000006;МОСКВА БЕЛОРУССКАЯ;апрель;среда;раб;21:18;21,25;12,75;21;18;85;51
2000006;МОСКВА БЕЛОРУССКАЯ;апрель;среда;раб;21:19;18;5,5;21;19;72;22
2000006;МОСКВА БЕЛОРУССКАЯ;апрель;среда;раб;21:20;17,5;5;21;20;70;20
2000006;МОСКВА БЕЛОРУССКАЯ;апрель;среда;раб;21:21;22;0,75;21;21;88;3
2000006;МОСКВА БЕЛОРУССКАЯ;апрель;среда;раб;21:22;19,75;0,5;21;22;79;2
2000006;МОСКВА БЕЛОРУССКАЯ;апрель;среда;раб;21:23;19;0,25;21;23;76;1
2000006;МОСКВА БЕЛОРУССКАЯ;апрель;среда;раб;21:24;18,5;0,5;21;24;74;2
2000006;МОСКВА БЕЛОРУССКАЯ;апрель;среда;раб;21:25;20;2,5;21;25;80;10
2000006;МОСКВА БЕЛОРУССКАЯ;апрель;среда;раб;21:26;20,5;2,75;21;26;82;11
2000006;МОСКВА БЕЛОРУССКАЯ;апрель;среда;раб;21:27;21;11;21;27;84;44
2000006;МОСКВА БЕЛОРУССКАЯ;апрель;среда;раб;21:28;20;7,25;21;28;80;29
2000006;МОСКВА БЕЛОРУССКАЯ;апрель;среда;раб;21:29;23,75;6,25;21;29;95;25
2000006;МОСКВА БЕЛОРУССКАЯ;апрель;среда;раб;21:30;19,75;3,75;21;30;79;15
2000006;МОСКВА БЕЛОРУССКАЯ;апрель;среда;раб;21:31;28;0,75;21;31;112;3
2000006;МОСКВА БЕЛОРУССКАЯ;апрель;среда;раб;21:32;33,25;1;21;32;133;4
2000006;МОСКВА БЕЛОРУССКАЯ;апрель;среда;раб;21:33;26;0,5;21;33;104;2
2000006;МОСКВА БЕЛОРУССКАЯ;апрель;среда;раб;21:34;26;0;21;34;104;0
2000006;МОСКВА БЕЛОРУССКАЯ;апрель;среда;раб;21:35;27;0;21;35;108;0
2000006;МОСКВА БЕЛОРУССКАЯ;апрель;среда;раб;21:36;22,5;0,75;21;36;90;3
2000006;МОСКВА БЕЛОРУССКАЯ;апрель;среда;раб;21:37;23;0,25;21;37;92;1
2000006;МОСКВА БЕЛОРУССКАЯ;апрель;среда;раб;21:38;11;0,75;21;38;44;3
2000006;МОСКВА БЕЛОРУССКАЯ;апрель;среда;раб;21:39;7,25;0,25;21;39;29;1
2000006;МОСКВА БЕЛОРУССКАЯ;апрель;среда;раб;21:40;4,5;0,5;21;40;18;2
2000006;МОСКВА БЕЛОРУССКАЯ;апрель;среда;раб;21:41;1,75;0,75;21;41;7;3
2000006;МОСКВА БЕЛОРУССКАЯ;апрель;среда;раб;21:42;4,25;0,5;21;42;17;2
2000006;МОСКВА БЕЛОРУССКАЯ;апрель;среда;раб;21:43;5;0;21;43;20;0
2000006;МОСКВА БЕЛОРУССКАЯ;апрель;среда;раб;21:44;4;0,5;21;44;16;2
2000006;МОСКВА БЕЛОРУССКАЯ;апрель;среда;раб;21:45;3,75;0,25;21;45;15;1
2000006;МОСКВА БЕЛОРУССКАЯ;апрель;среда;раб;21:46;6,5;0,25;21;46;26;1
2000006;МОСКВА БЕЛОРУССКАЯ;апрель;среда;раб;21:47;6,5;0;21;47;26;0
2000006;МОСКВА БЕЛОРУССКАЯ;апрель;среда;раб;21:48;5,25;0;21;48;21;0
2000006;МОСКВА БЕЛОРУССКАЯ;апрель;среда;раб;21:49;4,5;0,25;21;49;18;1
2000006;МОСКВА БЕЛОРУССКАЯ;апрель;среда;раб;21:50;4;0;21;50;16;0
2000006;МОСКВА БЕЛОРУССКАЯ;апрель;среда;раб;21:51;3,25;4,5;21;51;13;18
2000006;МОСКВА БЕЛОРУССКАЯ;апрель;среда;раб;21:52;2,75;6;21;52;11;24
2000006;МОСКВА БЕЛОРУССКАЯ;апрель;среда;раб;21:53;5,75;12,75;21;53;23;51
2000006;МОСКВА БЕЛОРУССКАЯ;апрель;среда;раб;21:54;5;6;21;54;20;24
2000006;МОСКВА БЕЛОРУССКАЯ;апрель;среда;раб;21:55;6;1,5;21;55;24;6
2000006;МОСКВА БЕЛОРУССКАЯ;апрель;среда;раб;21:56;5;5,75;21;56;20;23
2000006;МОСКВА БЕЛОРУССКАЯ;апрель;среда;раб;21:57;5,25;4,75;21;57;21;19
2000006;МОСКВА БЕЛОРУССКАЯ;апрель;среда;раб;21:58;5;5,25;21;58;20;21
2000006;МОСКВА БЕЛОРУССКАЯ;апрель;среда;раб;21:59;6,25;5,25;21;59;25;21
2000006;МОСКВА БЕЛОРУССКАЯ;апрель;среда;раб;22:00;7,5;1,75;22;0;30;7
2000006;МОСКВА БЕЛОРУССКАЯ;апрель;среда;раб;22:01;6,25;1;22;1;25;4
2000006;МОСКВА БЕЛОРУССКАЯ;апрель;среда;раб;22:02;9;0;22;2;36;0
2000006;МОСКВА БЕЛОРУССКАЯ;апрель;среда;раб;22:03;7;0;22;3;28;0
2000006;МОСКВА БЕЛОРУССКАЯ;апрель;среда;раб;22:04;12,75;0,25;22;4;51;1
2000006;МОСКВА БЕЛОРУССКАЯ;апрель;среда;раб;22:05;10,25;0,25;22;5;41;1
2000006;МОСКВА БЕЛОРУССКАЯ;апрель;среда;раб;22:06;11,5;0;22;6;46;0
2000006;МОСКВА БЕЛОРУССКАЯ;апрель;среда;раб;22:07;11,25;2;22;7;45;8
2000006;МОСКВА БЕЛОРУССКАЯ;апрель;среда;раб;22:08;11;3;22;8;44;12
2000006;МОСКВА БЕЛОРУССКАЯ;апрель;среда;раб;22:09;14;1,75;22;9;56;7
2000006;МОСКВА БЕЛОРУССКАЯ;апрель;среда;раб;22:10;13,5;1,75;22;10;54;7
2000006;МОСКВА БЕЛОРУССКАЯ;апрель;среда;раб;22:11;18;0,25;22;11;72;1
2000006;МОСКВА БЕЛОРУССКАЯ;апрель;среда;раб;22:12;14,5;0,25;22;12;58;1
2000006;МОСКВА БЕЛОРУССКАЯ;апрель;среда;раб;22:13;23,5;0;22;13;94;0
2000006;МОСКВА БЕЛОРУССКАЯ;апрель;среда;раб;22:14;17,25;0;22;14;69;0
2000006;МОСКВА БЕЛОРУССКАЯ;апрель;среда;раб;22:15;19,75;0,25;22;15;79;1
2000006;МОСКВА БЕЛОРУССКАЯ;апрель;среда;раб;22:16;19,25;0,5;22;16;77;2
2000006;МОСКВА БЕЛОРУССКАЯ;апрель;среда;раб;22:17;16;0,25;22;17;64;1
2000006;МОСКВА БЕЛОРУССКАЯ;апрель;среда;раб;22:18;22;0;22;18;88;0
2000006;МОСКВА БЕЛОРУССКАЯ;апрель;среда;раб;22:19;21,5;0,25;22;19;86;1
2000006;МОСКВА БЕЛОРУССКАЯ;апрель;среда;раб;22:20;12;0;22;20;48;0
2000006;МОСКВА БЕЛОРУССКАЯ;апрель;среда;раб;22:21;11,5;0,25;22;21;46;1
2000006;МОСКВА БЕЛОРУССКАЯ;апрель;среда;раб;22:22;12,5;0,25;22;22;50;1
2000006;МОСКВА БЕЛОРУССКАЯ;апрель;среда;раб;22:23;16,25;0,25;22;23;65;1
2000006;МОСКВА БЕЛОРУССКАЯ;апрель;среда;раб;22:24;9,75;0,25;22;24;39;1
2000006;МОСКВА БЕЛОРУССКАЯ;апрель;среда;раб;22:25;10,5;0,25;22;25;42;1
2000006;МОСКВА БЕЛОРУССКАЯ;апрель;среда;раб;22:26;6;0;22;26;24;0
2000006;МОСКВА БЕЛОРУССКАЯ;апрель;среда;раб;22:27;4,5;0;22;27;18;0
2000006;МОСКВА БЕЛОРУССКАЯ;апрель;среда;раб;22:28;3;0,25;22;28;12;1
2000006;МОСКВА БЕЛОРУССКАЯ;апрель;среда;раб;22:29;4;0;22;29;16;0
2000006;МОСКВА БЕЛОРУССКАЯ;апрель;среда;раб;22:30;4,25;6,5;22;30;17;26
2000006;МОСКВА БЕЛОРУССКАЯ;апрель;среда;раб;22:31;4,5;5,25;22;31;18;21
2000006;МОСКВА БЕЛОРУССКАЯ;апрель;среда;раб;22:32;3,5;2,25;22;32;14;9
2000006;МОСКВА БЕЛОРУССКАЯ;апрель;среда;раб;22:33;4,75;0,75;22;33;19;3
2000006;МОСКВА БЕЛОРУССКАЯ;апрель;среда;раб;22:34;6,25;8,25;22;34;25;33
2000006;МОСКВА БЕЛОРУССКАЯ;апрель;среда;раб;22:35;8,75;15,25;22;35;35;61
2000006;МОСКВА БЕЛОРУССКАЯ;апрель;среда;раб;22:36;7,5;5,5;22;36;30;22
2000006;МОСКВА БЕЛОРУССКАЯ;апрель;среда;раб;22:37;9,5;2,75;22;37;38;11
2000006;МОСКВА БЕЛОРУССКАЯ;апрель;среда;раб;22:38;8,5;2;22;38;34;8
2000006;МОСКВА БЕЛОРУССКАЯ;апрель;среда;раб;22:39;10,25;0,75;22;39;41;3
2000006;МОСКВА БЕЛОРУССКАЯ;апрель;среда;раб;22:40;9,5;1,25;22;40;38;5
2000006;МОСКВА БЕЛОРУССКАЯ;апрель;среда;раб;22:41;9,5;8,25;22;41;38;33
2000006;МОСКВА БЕЛОРУССКАЯ;апрель;среда;раб;22:42;8,5;2,25;22;42;34;9
2000006;МОСКВА БЕЛОРУССКАЯ;апрель;среда;раб;22:43;7,75;2,5;22;43;31;10
2000006;МОСКВА БЕЛОРУССКАЯ;апрель;среда;раб;22:44;9,5;0,75;22;44;38;3
2000006;МОСКВА БЕЛОРУССКАЯ;апрель;среда;раб;22:45;8;1;22;45;32;4
2000006;МОСКВА БЕЛОРУССКАЯ;апрель;среда;раб;22:46;9,75;0,25;22;46;39;1
2000006;МОСКВА БЕЛОРУССКАЯ;апрель;среда;раб;22:47;11;0,75;22;47;44;3
2000006;МОСКВА БЕЛОРУССКАЯ;апрель;среда;раб;22:48;12;0;22;48;48;0
2000006;МОСКВА БЕЛОРУССКАЯ;апрель;среда;раб;22:49;7,5;0,5;22;49;30;2
2000006;МОСКВА БЕЛОРУССКАЯ;апрель;среда;раб;22:50;5,75;1,25;22;50;23;5
2000006;МОСКВА БЕЛОРУССКАЯ;апрель;среда;раб;22:51;4,75;0,25;22;51;19;1
2000006;МОСКВА БЕЛОРУССКАЯ;апрель;среда;раб;22:52;8,25;0,25;22;52;33;1
2000006;МОСКВА БЕЛОРУССКАЯ;апрель;среда;раб;22:53;4,5;2,5;22;53;18;10
2000006;МОСКВА БЕЛОРУССКАЯ;апрель;среда;раб;22:54;6,5;1,5;22;54;26;6
2000006;МОСКВА БЕЛОРУССКАЯ;апрель;среда;раб;22:55;2;0;22;55;8;0
2000006;МОСКВА БЕЛОРУССКАЯ;апрель;среда;раб;22:56;2,5;1;22;56;10;4
2000006;МОСКВА БЕЛОРУССКАЯ;апрель;среда;раб;22:57;2;0,5;22;57;8;2
2000006;МОСКВА БЕЛОРУССКАЯ;апрель;среда;раб;22:58;1,5;1;22;58;6;4
2000006;МОСКВА БЕЛОРУССКАЯ;апрель;среда;раб;22:59;0,75;0,5;22;59;3;2
2000006;МОСКВА БЕЛОРУССКАЯ;апрель;среда;раб;23:00;2;0,25;23;0;8;1
2000006;МОСКВА БЕЛОРУССКАЯ;апрель;среда;раб;23:01;1,25;3,25;23;1;5;13
2000006;МОСКВА БЕЛОРУССКАЯ;апрель;среда;раб;23:02;1,25;1,75;23;2;5;7
2000006;МОСКВА БЕЛОРУССКАЯ;апрель;среда;раб;23:03;1,25;1;23;3;5;4
2000006;МОСКВА БЕЛОРУССКАЯ;апрель;среда;раб;23:04;1,5;0,75;23;4;6;3
2000006;МОСКВА БЕЛОРУССКАЯ;апрель;среда;раб;23:05;3;1,25;23;5;12;5
2000006;МОСКВА БЕЛОРУССКАЯ;апрель;среда;раб;23:06;1,5;0;23;6;6;0
2000006;МОСКВА БЕЛОРУССКАЯ;апрель;среда;раб;23:07;2,5;0,25;23;7;10;1
2000006;МОСКВА БЕЛОРУССКАЯ;апрель;среда;раб;23:08;0,5;0;23;8;2;0
2000006;МОСКВА БЕЛОРУССКАЯ;апрель;среда;раб;23:09;1,5;0,25;23;9;6;1
2000006;МОСКВА БЕЛОРУССКАЯ;апрель;среда;раб;23:10;4;0;23;10;16;0
2000006;МОСКВА БЕЛОРУССКАЯ;апрель;среда;раб;23:11;2,25;0,5;23;11;9;2
2000006;МОСКВА БЕЛОРУССКАЯ;апрель;среда;раб;23:12;2,5;0,25;23;12;10;1
2000006;МОСКВА БЕЛОРУССКАЯ;апрель;среда;раб;23:13;4,5;0;23;13;18;0
2000006;МОСКВА БЕЛОРУССКАЯ;апрель;среда;раб;23:14;3,25;0;23;14;13;0
2000006;МОСКВА БЕЛОРУССКАЯ;апрель;среда;раб;23:15;4,5;0;23;15;18;0
2000006;МОСКВА БЕЛОРУССКАЯ;апрель;среда;раб;23:16;4,5;0;23;16;18;0
2000006;МОСКВА БЕЛОРУССКАЯ;апрель;среда;раб;23:17;4,75;1,75;23;17;19;7
2000006;МОСКВА БЕЛОРУССКАЯ;апрель;среда;раб;23:18;8;2,25;23;18;32;9
2000006;МОСКВА БЕЛОРУССКАЯ;апрель;среда;раб;23:19;8,25;3;23;19;33;12
2000006;МОСКВА БЕЛОРУССКАЯ;апрель;среда;раб;23:20;7,5;5,5;23;20;30;22
2000006;МОСКВА БЕЛОРУССКАЯ;апрель;среда;раб;23:21;6,5;1,25;23;21;26;5
2000006;МОСКВА БЕЛОРУССКАЯ;апрель;среда;раб;23:22;8,5;1,75;23;22;34;7
2000006;МОСКВА БЕЛОРУССКАЯ;апрель;среда;раб;23:23;10;0;23;23;40;0
2000006;МОСКВА БЕЛОРУССКАЯ;апрель;среда;раб;23:24;9,5;0,25;23;24;38;1
2000006;МОСКВА БЕЛОРУССКАЯ;апрель;среда;раб;23:25;5,5;1;23;25;22;4
2000006;МОСКВА БЕЛОРУССКАЯ;апрель;среда;раб;23:26;6;0,75;23;26;24;3
2000006;МОСКВА БЕЛОРУССКАЯ;апрель;среда;раб;23:27;6,75;0;23;27;27;0
2000006;МОСКВА БЕЛОРУССКАЯ;апрель;среда;раб;23:28;5;0,5;23;28;20;2
2000006;МОСКВА БЕЛОРУССКАЯ;апрель;среда;раб;23:29;4,25;0;23;29;17;0
2000006;МОСКВА БЕЛОРУССКАЯ;апрель;среда;раб;23:30;3,75;0;23;30;15;0
2000006;МОСКВА БЕЛОРУССКАЯ;апрель;среда;раб;23:31;1,75;0,25;23;31;7;1
2000006;МОСКВА БЕЛОРУССКАЯ;апрель;среда;раб;23:32;1,25;0,25;23;32;5;1
2000006;МОСКВА БЕЛОРУССКАЯ;апрель;среда;раб;23:33;0,75;0;23;33;3;0
2000006;МОСКВА БЕЛОРУССКАЯ;апрель;среда;раб;23:35;0,25;1,5;23;35;1;6
2000006;МОСКВА БЕЛОРУССКАЯ;апрель;среда;раб;23:36;0,5;2,75;23;36;2;11
2000006;МОСКВА БЕЛОРУССКАЯ;апрель;среда;раб;23:37;0,75;3,75;23;37;3;15
2000006;МОСКВА БЕЛОРУССКАЯ;апрель;среда;раб;23:38;0,25;2,25;23;38;1;9
2000006;МОСКВА БЕЛОРУССКАЯ;апрель;среда;раб;23:39;0,25;1,75;23;39;1;7
2000006;МОСКВА БЕЛОРУССКАЯ;апрель;среда;раб;23:40;0,25;0,75;23;40;1;3
2000006;МОСКВА БЕЛОРУССКАЯ;апрель;среда;раб;23:41;0,25;0;23;41;1;0
2000006;МОСКВА БЕЛОРУССКАЯ;апрель;среда;раб;23:43;0,25;0,75;23;43;1;3
2000006;МОСКВА БЕЛОРУССКАЯ;апрель;среда;раб;23:44;0;0,5;23;44;0;2
2000006;МОСКВА БЕЛОРУССКАЯ;апрель;среда;раб;23:45;0,25;0,25;23;45;1;1
2000006;МОСКВА БЕЛОРУССКАЯ;апрель;среда;раб;23:46;0,5;0;23;46;2;0
2000006;МОСКВА БЕЛОРУССКАЯ;апрель;среда;раб;23:48;0;1,75;23;48;0;7
2000006;МОСКВА БЕЛОРУССКАЯ;апрель;среда;раб;23:49;0,25;5,5;23;49;1;22
2000006;МОСКВА БЕЛОРУССКАЯ;апрель;среда;раб;23:50;1;2,25;23;50;4;9
2000006;МОСКВА БЕЛОРУССКАЯ;апрель;среда;раб;23:51;0,5;2,75;23;51;2;11
2000006;МОСКВА БЕЛОРУССКАЯ;апрель;среда;раб;23:52;1,5;1,25;23;52;6;5
2000006;МОСКВА БЕЛОРУССКАЯ;апрель;среда;раб;23:53;0,5;0;23;53;2;0
2000006;МОСКВА БЕЛОРУССКАЯ;апрель;среда;раб;23:54;0,75;0,25;23;54;3;1
2000006;МОСКВА БЕЛОРУССКАЯ;апрель;среда;раб;23:55;0,75;0;23;55;3;0
2000006;МОСКВА БЕЛОРУССКАЯ;апрель;среда;раб;23:56;1;0;23;56;4;0
2000006;МОСКВА БЕЛОРУССКАЯ;апрель;среда;раб;23:57;0,75;0;23;57;3;0
2000006;МОСКВА БЕЛОРУССКАЯ;апрель;среда;раб;23:58;0,5;0;23;58;2;0
2000006;МОСКВА БЕЛОРУССКАЯ;апрель;среда;раб;23:59;2,25;0,5;23;59;9;2
